avg_fit,avg_gene,top_fit,top_gene,elite_fit,elite_gene
1,[1. 1. 1. 1.],1,[1. 1. 1. 1.],1,[1. 1. 1. 1.]
1.3528590453315212,"[-0.02217297  0.08306192  0.03497153 -0.04992639  0.01368071  0.04748675
 -0.06351232 -0.00392919 -0.11732522  0.09952418  0.04731394 -0.07279384
  0.03372449  0.01580719 -0.03974137 -0.14114734 -0.03162224  0.02116209
 -0.00557353  0.01025482  0.02547509 -0.01369214  0.03342358 -0.02161572
 -0.04160115 -0.06049245  0.08264209  0.01643007 -0.02649324 -0.01286668
  0.01035858  0.04186748  0.00831551 -0.03386441  0.04199652 -0.01339543
 -0.0405931  -0.02898258  0.04304685 -0.03379367 -0.02525955 -0.02623092
  0.01697152 -0.06060134 -0.05421463  0.03919137  0.01590368  0.03595015
 -0.0525166   0.09926238 -0.04436896  0.00186452 -0.00143772 -0.03413064
  0.04472225 -0.05346894 -0.01404767  0.05450583 -0.00609196 -0.03498726
 -0.04310896  0.03238763  0.01368549  0.08522999 -0.0412486 ]",2.9439974333314844,"[ 0.56683578  0.33648551 -0.56770447  0.32948475 -0.12703668 -0.33094353
 -0.57423615  0.55081149 -0.57376074 -0.57450822 -0.54940232 -0.61706806
  0.55615735 -0.51822077  0.6035361   0.06474538  0.45696005  0.31150655
 -0.25067194 -0.01528015  0.39385483  0.61263237 -0.48989781 -0.11530147
  0.33091412 -0.50909541 -0.40300035  0.57874152  0.54293307  0.27157448
  0.13895282 -0.33743046 -0.05723059  0.46515874  0.12332796 -0.23250731
  0.46847388 -0.63782769  0.38494168  0.46138672  0.1814565  -0.43881567
  0.49885628  0.4624267  -0.17881993 -0.351526    0.46381181  0.15587516
  0.52044213  0.46304299  0.34774573 -0.14929468 -0.59139429  0.01967794
  0.47743749 -0.0947724  -0.37651866 -0.12691562  0.48123731  0.25214867
 -0.29834975  0.53577832 -0.01381846 -0.49430963 -0.25721086]",2.4103571266712,"[ 0.27387881  0.13931094 -0.14405835 -0.08332571  0.04427961 -0.10330942
 -0.12683145 -0.14873607 -0.22815735 -0.293931    0.05753924 -0.16540084
  0.25347051 -0.29860807  0.06638075 -0.13795214 -0.08010905  0.01631162
 -0.15017588  0.18902053 -0.04359635  0.2938105   0.1450709  -0.27120223
  0.1496012   0.0934472   0.10729662  0.45941725 -0.03740924  0.24540242
  0.23056524  0.13520399  0.29965191  0.13190671  0.18295115 -0.25014399
  0.04899483 -0.04228859  0.05725384  0.08292121  0.03657744  0.04765212
  0.1080252   0.13971368 -0.00989604 -0.00163332 -0.04960891 -0.04806408
  0.06658424  0.00838338 -0.08815862 -0.18145838  0.08622897  0.24009133
  0.0552357   0.28330243 -0.2321067  -0.09334593  0.25543494 -0.01190563
 -0.36898046  0.1525917  -0.23904392  0.12868928 -0.02066228]"
2.044915454665315,"[ 0.24651241  0.06647174 -0.15044926 -0.04568488  0.08163202 -0.08534669
 -0.15741229 -0.18588562 -0.25626999 -0.16861609 -0.00602706 -0.10350811
  0.28151878 -0.22582203  0.09147308 -0.09558215 -0.04268102  0.01714964
 -0.13820719  0.06443125 -0.02217272  0.17164094  0.14101481 -0.14231035
  0.04939201 -0.01030252  0.10934517  0.34487443 -0.00755949  0.14800631
  0.1593699   0.08007756  0.25228303  0.09172998  0.18119096 -0.19085824
  0.05597025  0.01416084  0.1257823   0.06230685  0.06143004  0.0116004
  0.00121936  0.08054752 -0.0777672  -0.04288289  0.00216014  0.00436623
  0.00196055  0.04267255 -0.00436053 -0.13277103 -0.0308598   0.10088048
  0.10793314  0.18244553 -0.18509197 -0.06731112  0.17438814 -0.0346926
 -0.27696888  0.16906759 -0.06775371  0.07895464 -0.15203934]",8.235981166663501,"[-0.10725407 -0.00171926 -0.16808031 -0.42122136 -0.22013287 -0.00357991
 -0.0875169  -0.32934803  0.15841446 -0.1926005   0.19031706  0.22613601
  0.22375254 -0.41900703 -0.16779954 -0.20720569 -0.26116588 -0.08498722
  0.29598647 -0.17995375 -0.44733982 -0.27732774  0.52202754  0.27848249
  0.04687629  0.20345193  0.42380924  0.06886786 -0.22707514  0.4102778
  0.08751869  0.10884299  0.02737037  0.40783141  0.18549434 -0.00738854
 -0.09057844  0.35441196 -0.34202151 -0.18581509  0.15342171  0.0488394
 -0.13826042 -0.37991479 -0.07098424  0.04518934 -0.0691978   0.05946942
 -0.42299655  0.56974475  0.07269026  0.23248556 -0.12709112  0.28203004
  0.02884806  0.13937504 -0.27711646 -0.30841774  0.10178044  0.21348326
 -0.32816552  0.17786503  0.06625972  0.38948975 -0.25586403]",4.784187173336976,"[ 0.05873844  0.119418   -0.17683865 -0.11325217  0.02517315 -0.24805848
 -0.19654314 -0.10683348 -0.117473   -0.34458332 -0.03105596 -0.14696718
  0.27108524 -0.45258781  0.07561926 -0.18443878 -0.08435422 -0.08588854
 -0.03170767  0.04068136  0.05866221  0.04543618  0.09626721 -0.04033288
  0.18175141 -0.01620566  0.19442295  0.24118659 -0.08402119  0.20691084
  0.17046462 -0.04626542  0.12011543  0.16646397  0.13731062 -0.25276364
  0.05529332  0.0019486  -0.00072876  0.02313692  0.10194357 -0.12044226
  0.09148502 -0.05781132  0.02015402  0.03515848  0.04954589  0.09412387
 -0.09092498  0.23080132  0.08008353  0.00955998 -0.17601179  0.15833757
  0.09810785  0.02955393 -0.1754347  -0.13790088  0.01426491  0.09029162
 -0.33426127  0.21431421 -0.08930949  0.12783142 -0.16924996]"
3.1455784133346363,"[ 5.43379164e-02  8.16044450e-02 -2.11280288e-01 -1.24442376e-01
 -2.97426500e-02 -1.76590235e-01 -1.72696970e-01 -1.73828122e-01
 -6.35544178e-02 -2.83053956e-01  8.82837051e-03 -1.09435117e-01
  2.47836987e-01 -3.66839404e-01  3.84311959e-02 -1.84393315e-01
 -7.33133729e-02 -1.41943810e-01 -4.17996273e-02  4.93432974e-02
 -1.00036331e-01  2.32885830e-02  6.73452496e-02 -1.09059291e-01
  2.01846489e-01  6.02016009e-02  1.96938573e-01  2.83368646e-01
 -1.43363369e-01  2.38047545e-01  1.96047984e-01  6.59945958e-04
  2.53923378e-01  2.14312338e-01  2.20058525e-01 -2.34503500e-01
  2.52969987e-02  3.87653419e-06  1.46159471e-02  2.12364345e-02
  1.00657721e-01 -7.60096381e-02  8.46534525e-02 -1.54291783e-02
 -2.17266908e-02  1.54914816e-02 -8.61233173e-02  5.22989788e-02
 -1.14670952e-01  2.02586417e-01  2.13696010e-02  2.30942028e-02
 -6.63106475e-02  1.83269854e-01  4.69697607e-02  1.08350809e-01
 -1.56299017e-01 -1.99392072e-01  7.90610324e-02  7.06760032e-02
 -3.71994879e-01  1.64208869e-01 -7.41984406e-02  1.42252254e-01
 -1.81844645e-01]",23.808285000006435,"[ 0.33794444  0.51681878 -0.27924063  0.18014161  0.24159344 -0.25554738
 -0.40374612  0.38876436 -0.47919797 -0.48541499 -0.21622198 -0.50941304
  0.47855264 -0.26682789  0.14793975  0.25091305  0.32571031  0.21456646
 -0.27849282  0.01332265  0.33773825  0.35017116 -0.32707613 -0.05641642
  0.50476557  0.09904204  0.20335819  0.29084387 -0.03459026  0.24317779
  0.08640448  0.04925892 -0.04244391  0.33745082  0.21526107 -0.27567226
  0.44288424 -0.70640773  0.08646165  0.16928756  0.08977736 -0.11767224
  0.40509593  0.41313248  0.21002134 -0.34142562 -0.00549726  0.28702722
  0.42840302  0.09598638  0.25031481 -0.0517677  -0.45474643  0.14054981
  0.28604219  0.03973062 -0.24408432 -0.31628324 -0.00789108 -0.00865907
 -0.28989485  0.30031066 -0.09349053 -0.3371262   0.00575472]",12.95611300666933,"[ 0.01649264  0.19189714 -0.10093521 -0.20688965 -0.00267039 -0.13628214
 -0.20594395 -0.19391209 -0.06257228 -0.20739721  0.04986187 -0.01854746
  0.18469075 -0.35978304 -0.05345818 -0.12755626 -0.13703069 -0.17151675
  0.09604118 -0.03583263 -0.27260748 -0.06535017  0.1420358   0.02887571
  0.2248299   0.17409685  0.36385587  0.16853587 -0.22112733  0.2665879
  0.1367161   0.153732    0.1362676   0.34057219  0.16035781 -0.1819695
  0.07290148 -0.06677056 -0.06019355 -0.10446171  0.07759783  0.01337171
 -0.01301943 -0.05076106  0.11699126 -0.00097673 -0.12623522  0.13149962
 -0.21807758  0.23451561  0.05798481  0.04652202  0.03714817  0.16758981
  0.05844597  0.06549519 -0.25428427 -0.25334035  0.08960447  0.12279981
 -0.32749686  0.17416371 -0.06869924  0.18750081 -0.15053299]"
8.245998288002252,"[ 0.03475241  0.16776695 -0.12444217 -0.12668709  0.01544338 -0.17534677
 -0.21549834 -0.13452935 -0.10761284 -0.27724415  0.01125366 -0.09352057
  0.22288976 -0.38502574 -0.00598418 -0.08641962 -0.06863693 -0.11022289
  0.0112109  -0.02186347 -0.16049619 -0.00840009  0.11119354  0.00427837
  0.24483946  0.13655097  0.33401799  0.21054058 -0.18247477  0.24015475
  0.16652353  0.08810824  0.10357875  0.33485761  0.16134556 -0.18696258
  0.10541583 -0.15960917 -0.01937407 -0.0234319   0.10838906 -0.0003947
  0.07416271  0.01666547  0.11546324 -0.04021201 -0.0938465   0.1354641
 -0.14403417  0.23449359  0.08507395  0.03415895 -0.07997784  0.17601854
  0.06961636  0.04467499 -0.25416746 -0.24594642  0.06734389  0.09394346
 -0.34110749  0.22400011 -0.07651301  0.12427166 -0.14543347]",127.44257016666234,"[ 0.27118935  0.31646094 -0.19209257  0.01016241  0.21252447 -0.31321374
 -0.24388696 -0.02113528 -0.30820856 -0.35672325 -0.06038958 -0.32281764
  0.3765554  -0.48578391 -0.17872043  0.02394619  0.10131157  0.2161355
 -0.1913787  -0.05803606 -0.1824214   0.1108464  -0.10152784 -0.05254424
  0.29023466  0.06019845  0.21101583  0.15641105 -0.08469081  0.31960302
  0.12348064  0.08695677  0.16244325  0.30405693  0.23337769 -0.08478409
  0.34821915 -0.48922092  0.12909056  0.06641677  0.17204287 -0.08495276
  0.12878942  0.07458542  0.16039381 -0.0918983   0.10274264  0.26566703
 -0.06296646  0.14071065  0.16963525  0.01835161 -0.12997445  0.16299567
  0.42370606 -0.03419891 -0.39342593 -0.13723878  0.03667415 -0.01149737
 -0.06185893  0.42423469 -0.08970648  0.0261491  -0.01904072]",55.18250759333023,"[ 2.12942879e-01  3.10288584e-01 -1.83208269e-01  3.16361485e-02
  1.48605405e-01 -2.40826637e-01 -2.54714828e-01  6.35046071e-02
 -1.96511597e-01 -3.79897973e-01 -1.26932765e-01 -2.73690005e-01
  3.43708558e-01 -3.58558281e-01  1.75124798e-02 -4.04209833e-03
  1.46089214e-01 -1.44775391e-02 -1.94563261e-01  7.67046579e-03
  5.20582743e-02  1.99775918e-01 -7.62752823e-02 -8.85999201e-02
  3.49265591e-01  9.84564435e-02  2.80897276e-01  2.17565545e-01
 -1.04308225e-01  2.84520629e-01  1.36458749e-01  2.43216456e-02
  3.78449454e-02  3.03324615e-01  1.80299453e-01 -1.68678557e-01
  2.52397535e-01 -3.88748644e-01  1.00907273e-01  1.06593333e-01
  1.56187479e-01 -3.17283450e-02  2.47146127e-01  1.29577777e-01
  1.00926017e-01 -1.74740625e-01  3.44757811e-03  2.03979192e-01
  9.79392726e-02  8.59613797e-02  1.41704394e-01  8.72363437e-05
 -2.68568042e-01  1.90043679e-01  2.08393858e-01  3.94850233e-02
 -2.29211198e-01 -1.47886759e-01  4.06654247e-02  5.13714974e-02
 -3.25709530e-01  2.72484675e-01 -3.18641785e-02 -4.17793957e-02
 -7.22879243e-02]"
11.34028544466671,"[ 0.20633888  0.34496851 -0.1485303  -0.00830403  0.1455021  -0.2124
 -0.24465733  0.03382995 -0.23161871 -0.33154534 -0.09748717 -0.26121575
  0.34022476 -0.34239775  0.00897139  0.00739175  0.08402025  0.03291609
 -0.15471428  0.02545873 -0.01039146  0.16487547 -0.03043276 -0.07202598
  0.33072554  0.12408649  0.30111053  0.16305586 -0.08559959  0.32023863
  0.11473085  0.02174846  0.08498257  0.36555947  0.21280152 -0.19478642
  0.26486796 -0.36955347  0.03756521  0.08724073  0.15705934 -0.00803212
  0.21237966  0.12271713  0.1461382  -0.11724821  0.001921    0.20021266
  0.05978147  0.10977926  0.09770583  0.05191463 -0.26159155  0.18052624
  0.22482592  0.02415119 -0.26601433 -0.17918355  0.03067465  0.08363191
 -0.30782354  0.25240267 -0.0525742  -0.00660605 -0.0251042 ]",60.90743133334521,"[ 0.34966392  0.62509724 -0.153839    0.02896242  0.06923974 -0.03016141
 -0.44547167  0.29262696 -0.37865101 -0.27561798 -0.14895374 -0.44199623
  0.38803199 -0.08255202  0.16629103  0.19890786  0.21350017  0.25914598
 -0.21788635 -0.07331606  0.16038578  0.45727883 -0.15122945 -0.22765618
  0.41638468  0.21283871  0.21459614  0.26019492 -0.13225067  0.38282867
 -0.09431866 -0.01751906 -0.04849449  0.53260044  0.3496869  -0.50005081
  0.45884679 -0.50933963 -0.11295758  0.40913561  0.1876571   0.19518817
  0.37514131  0.38011458  0.15700491 -0.31922688  0.21570789  0.21933345
  0.37219271  0.20406647  0.06687136  0.29472265 -0.24305312  0.08407386
  0.15444735  0.17645468 -0.39635818 -0.07459642 -0.19447877 -0.00973547
 -0.24429769  0.27387163  0.10497205 -0.13046582  0.09737733]",49.75971626666918,"[ 3.00675445e-01  3.77368465e-01 -1.11841132e-01 -9.38267250e-03
  1.53918967e-01 -2.66563558e-01 -3.00449518e-01  1.88651298e-01
 -2.28346329e-01 -3.80229627e-01 -1.30390923e-01 -3.59964724e-01
  3.53960120e-01 -3.90229417e-01  4.47107372e-02 -3.59520368e-02
  1.11519930e-01  8.71544319e-02 -2.25812385e-01  2.82249056e-02
  1.96799529e-01  2.54369293e-01 -9.81406986e-02 -1.55024830e-01
  3.57665315e-01  8.13003594e-02  2.35319189e-01  2.48824802e-01
 -1.57656874e-01  2.49343837e-01  3.37511506e-04  4.96244746e-02
 -5.85888897e-03  3.60887841e-01  1.39363716e-01 -2.38424409e-01
  3.32903806e-01 -3.78370682e-01 -4.91495416e-02  1.94171630e-01
  1.44496118e-01 -8.64366950e-02  3.08115542e-01  1.20229106e-01
  1.99202489e-01 -2.07481846e-01  6.42371061e-02  2.20061999e-01
  1.87077068e-01  1.63060179e-01  1.27635147e-01 -1.29321492e-02
 -3.54761637e-01  1.94725772e-01  2.95727692e-01  2.19885334e-02
 -2.17105985e-01 -6.60911575e-02 -8.37288637e-02 -1.70849750e-02
 -2.24602269e-01  3.36979090e-01 -1.22101770e-02 -5.78352666e-02
 -6.37792313e-02]"
11.171046937999588,"[ 0.25886844  0.34909068 -0.11280832 -0.00956534  0.16164121 -0.25187473
 -0.29842047  0.11799304 -0.24690309 -0.32819064 -0.11260473 -0.31671147
  0.30213825 -0.35776811 -0.0069837   0.01082168  0.10795322  0.06987659
 -0.19050678  0.00452603  0.11184735  0.23793609 -0.08874121 -0.09658932
  0.35244863  0.11733414  0.28834963  0.20373197 -0.1131539   0.26085573
  0.02885879  0.04654842 -0.01085377  0.36262746  0.15358653 -0.23350947
  0.32353516 -0.41794194  0.00667824  0.1845006   0.16112299 -0.04401809
  0.25431752  0.14132932  0.20370198 -0.18890187  0.06099641  0.1942958
  0.12475201  0.16298469  0.15020864  0.00867796 -0.31060696  0.16693376
  0.28894987  0.03769295 -0.27635187 -0.07738587 -0.01583722  0.04784304
 -0.18955625  0.32565648  0.00615818 -0.03436379 -0.05297906]",80.17226583333104,"[ 0.29113523  0.38075605 -0.11724531 -0.00247353  0.18649601 -0.43546096
 -0.31490653 -0.02182384 -0.4118461  -0.17095138 -0.08259033 -0.40266087
  0.33508404 -0.517882   -0.19483025 -0.05328865  0.06498523  0.17659045
 -0.08698913 -0.03085715  0.04062452  0.15211944 -0.1309603  -0.05086829
  0.2509006  -0.04519297  0.32500738  0.11739943 -0.12151368  0.36500815
  0.05290448  0.06765108  0.16651467  0.38451273  0.07433231 -0.20181539
  0.36205028 -0.48929537  0.15907376  0.03600054  0.21912684 -0.20153043
  0.15725962  0.04736779  0.29524555 -0.23092662  0.05560015  0.33052745
 -0.09060072  0.21717879  0.17183032 -0.07007691 -0.23367672  0.21091187
  0.55217469 -0.07265915 -0.42192817 -0.01989764  0.07118279  0.02076572
  0.14314877  0.40001085  0.05763863 -0.02929382 -0.08300188]",52.92568274666361,"[ 0.24696709  0.21545374 -0.11132949 -0.03314713  0.22134676 -0.45535528
 -0.24103248  0.04842499 -0.2907985  -0.39270016 -0.16774316 -0.3953061
  0.28911397 -0.56522853 -0.0633687  -0.16458387  0.10225152  0.05831376
 -0.21834695  0.00222538  0.10038408  0.19075594 -0.03838037 -0.03634703
  0.26096296  0.00795251  0.38243671  0.14696914 -0.12298181  0.24477038
  0.04137701  0.06437156  0.04588596  0.24112478  0.03043459 -0.04545635
  0.24673512 -0.38322355  0.12921613  0.09392459  0.22610292 -0.16569653
  0.22212546 -0.04182978  0.21107863 -0.2510201   0.04527474  0.30637745
  0.05425271  0.23814226  0.178536   -0.10947772 -0.30128204  0.30597082
  0.46715922 -0.05661127 -0.32749866 -0.00939168  0.11684507  0.03635608
 -0.10897296  0.42653251  0.02289284 -0.01577162 -0.12938014]"
17.784006005332344,"[ 0.28534858  0.27772448 -0.10822527 -0.02578294  0.21212626 -0.44898793
 -0.26603729  0.05363876 -0.28513883 -0.38080814 -0.15074831 -0.37920732
  0.29933232 -0.51896411 -0.03074494 -0.11325471  0.10432934  0.08424323
 -0.20418701  0.02118637  0.06267105  0.24995042 -0.08555015 -0.03166609
  0.2786568   0.01229412  0.3842931   0.15280862 -0.15542385  0.27053195
  0.02949598  0.05034103  0.06411253  0.27267502  0.0337756  -0.12170117
  0.24106965 -0.39102229  0.09183928  0.0870779   0.22867939 -0.16158944
  0.21872489 -0.01319145  0.20648477 -0.23472451  0.03055583  0.23283903
  0.03838019  0.21462018  0.16881394 -0.05230107 -0.29607141  0.26848046
  0.44289159 -0.03178527 -0.29648704 -0.01093745  0.08835788  0.01790549
 -0.07783576  0.41853561  0.0420073  -0.01551689 -0.15336468]",88.09513920000366,"[ 1.84212280e-01  1.21615750e-01 -1.60655802e-01  1.17499671e-01
  2.84868994e-01 -4.85257634e-01 -2.52837073e-04 -1.34466126e-01
 -2.33475923e-01 -3.43261201e-01 -1.75234916e-01 -5.63588798e-01
  2.77151521e-01 -5.97571094e-01  7.25923555e-02 -1.53179220e-01
  6.97490852e-02  6.40169924e-02 -3.01337938e-01 -2.67716487e-02
  1.68768765e-01  1.57935763e-01 -1.38668894e-01 -6.63574163e-02
  3.02511036e-01  6.29491244e-03  4.59348147e-01  8.77170760e-03
 -1.81797768e-01  3.20915506e-01  8.67990546e-03  1.45924266e-01
  8.14034461e-03  3.12768511e-01 -4.55672610e-02  1.35152295e-01
  1.96329706e-01 -2.67279755e-01  2.99894140e-01 -1.70090091e-02
  1.51941049e-01 -1.72205910e-01  3.39715256e-01  5.57776399e-02
  1.47284436e-01 -2.81576544e-01  1.98448070e-01  2.89565831e-01
  5.94439535e-02  2.74476348e-01  2.36725910e-01 -2.67043162e-01
 -1.47405142e-01  4.62104263e-01  4.90879969e-01 -1.04511911e-01
 -3.45286375e-01  8.37963878e-03  1.70212956e-01 -3.59609601e-02
  2.84830709e-02  3.87468871e-01 -6.79489560e-02  7.65052896e-02
 -1.57069320e-01]",66.19306642666925,"[ 0.22360199  0.20980724 -0.18903036 -0.05882564  0.24435327 -0.48810307
 -0.29661225 -0.04430377 -0.31977099 -0.29432891 -0.16095112 -0.443837
  0.30497978 -0.55775419  0.00169836 -0.13410942  0.03887113  0.13097546
 -0.16359354 -0.02281471  0.10668238  0.21235067 -0.16794666 -0.03590197
  0.23645555  0.01175618  0.36804799  0.11576405 -0.17063965  0.27525913
  0.01799198  0.07789388  0.05311452  0.31266883 -0.03938986 -0.06402819
  0.28845593 -0.41045605  0.13578447  0.01066578  0.2752213  -0.17779902
  0.21628024 -0.05105112  0.13869043 -0.2636901   0.04552874  0.35349094
  0.02531648  0.20650544  0.16717365 -0.0701756  -0.28479638  0.35891072
  0.46117013 -0.0535218  -0.33297287 -0.04360747  0.09664092 -0.033417
  0.02109391  0.39235332  0.05540727 -0.07268476 -0.12305454]"
13.001383957331418,"[ 0.2787493   0.2402993  -0.13519999 -0.07440589  0.22673365 -0.4751516
 -0.30514752  0.01537806 -0.31010473 -0.30883943 -0.17037386 -0.41290983
  0.30997982 -0.56178255 -0.02201445 -0.12654037  0.05248691  0.10616653
 -0.17752565 -0.01728887  0.05653875  0.22050859 -0.16321296 -0.0395791
  0.2363913  -0.00172267  0.40460267  0.10603447 -0.13995508  0.28955422
  0.02380394  0.07003985  0.08709582  0.27240973 -0.0177358  -0.084855
  0.29594278 -0.39943062  0.14125263  0.03753309  0.31738148 -0.16028515
  0.18435708 -0.07676652  0.13441468 -0.27993754  0.04009586  0.34079686
  0.01545514  0.20186682  0.19455897 -0.05332393 -0.2610123   0.34913789
  0.40177065 -0.04316724 -0.35790869 -0.01069921  0.10428701 -0.00239993
  0.00323152  0.40698027  0.08393124 -0.04632831 -0.16256794]",50.82582033334378,"[ 0.43679266  0.2413029   0.09639531 -0.15888486  0.26748699 -0.51790585
 -0.41584461  0.07141079 -0.28004509 -0.29410373 -0.28998409 -0.55149272
  0.13881253 -0.36883    -0.07821687 -0.10584731  0.12465983  0.00404959
 -0.29198401 -0.0819825  -0.07029173 -0.08899265 -0.06311204  0.04737097
  0.235497    0.16322199  0.38602597  0.14027517 -0.18959551  0.29104674
 -0.0774299   0.19882605  0.03493566  0.2268756   0.09456212 -0.13809878
  0.31467616 -0.22991259  0.24696693  0.12825033  0.14891082 -0.21539957
  0.07990883 -0.04304393 -0.13834452 -0.30175994 -0.01229721  0.37429774
  0.01182669  0.09084522  0.31053962  0.11459519 -0.36761317  0.31554118
  0.4614571  -0.03231926 -0.36199373  0.04596513  0.00975645  0.1254751
 -0.25140244  0.3196133   0.07569338 -0.16469515 -0.18323161]",44.89159071333318,"[ 0.3128967   0.20600271 -0.08294497 -0.11730719  0.16056004 -0.46823716
 -0.32355262  0.03929882 -0.25873158 -0.30813157 -0.20953804 -0.43077141
  0.32318293 -0.57555145 -0.03541195 -0.12454729  0.03592224  0.05010645
 -0.1336747   0.03164132  0.09527014  0.17108527 -0.147193   -0.01013028
  0.24633391 -0.02970801  0.37460776  0.12108098 -0.18683122  0.3161368
  0.02066638  0.11032857  0.06828744  0.31301535 -0.04999439 -0.16384609
  0.31567522 -0.40564555  0.16137829  0.0196258   0.29320907 -0.20272077
  0.18912685 -0.10841995  0.05395488 -0.26837758  0.02137418  0.3833193
  0.02767844  0.17544804  0.23579436  0.00088354 -0.26106993  0.31811277
  0.41032982 -0.08353012 -0.40588336 -0.0648922   0.0846015   0.01490691
 -0.01149278  0.42915228  0.07716664 -0.12382254 -0.12919606]"
18.30562773199965,"[ 0.33680449  0.22576    -0.05470516 -0.11744723  0.23939733 -0.45926423
 -0.31325909  0.06910269 -0.27220562 -0.30770759 -0.22141302 -0.43382967
  0.30415287 -0.59005393 -0.06635603 -0.16210459  0.04616171  0.07752948
 -0.15802279 -0.01776533  0.07488678  0.14174975 -0.13523373  0.01815772
  0.23125757  0.00109784  0.39286922  0.09551824 -0.16746502  0.30564564
  0.00405555  0.11327312  0.07947141  0.25719821 -0.03695926 -0.15282169
  0.30806627 -0.41540656  0.20094399  0.04036449  0.33609528 -0.16768654
  0.21816681 -0.0942949   0.02799268 -0.29333304  0.01122155  0.41962329
  0.02008738  0.20230919  0.22111515  0.02286911 -0.28027297  0.35539579
  0.42802482 -0.07786273 -0.35950083  0.02044956  0.07749404  0.04096018
 -0.01836173  0.42972822  0.11389105 -0.11635586 -0.15857725]",101.3587889666572,"[ 0.47165258  0.32953779 -0.08667692 -0.24825691  0.21721259 -0.60930151
 -0.25573033 -0.02153555 -0.22289415 -0.35396482 -0.23204465 -0.63645002
  0.33923246 -0.62367129 -0.13344455 -0.11930344  0.16958593  0.21885132
 -0.15461703  0.13331259 -0.20738065  0.01497721 -0.04551963 -0.11406629
  0.11502894  0.05817345  0.54261724  0.29942707 -0.2131726   0.28260918
 -0.09598448  0.16972864  0.06004858  0.28970522 -0.25241635 -0.2583882
  0.1926153  -0.44686616  0.17147427 -0.17906071  0.40157906 -0.1072456
  0.19502991 -0.19855684  0.02685981 -0.13513545 -0.08710943  0.48629861
  0.03825981  0.22118187  0.36129424  0.09132243 -0.45502657  0.39435978
  0.41191221  0.03697417 -0.30678113 -0.10096163 -0.00528004  0.11392877
  0.01561191  0.46727451  0.13878483 -0.04401227 -0.07710625]",65.67294033999788,"[ 0.4107003   0.16678858  0.02101366 -0.07051875  0.32677849 -0.47137268
 -0.30202817  0.05316264 -0.28728376 -0.32917189 -0.18508354 -0.45043678
  0.35738088 -0.60208109 -0.0270317  -0.21025306  0.0233081   0.09103121
 -0.12193893 -0.00722985  0.09401518  0.12243168 -0.06464499 -0.08817872
  0.2631784   0.0618475   0.45292445  0.00103874 -0.13555755  0.41933609
  0.00457972  0.09588451  0.0078502   0.29291627 -0.13290836 -0.10989633
  0.2781785  -0.44983811  0.22810471  0.01458425  0.38942117 -0.0409714
  0.26965549 -0.12190096  0.02398412 -0.32453327 -0.06983899  0.49077849
  0.02876936  0.19851896  0.20216748  0.03880602 -0.33539498  0.40087983
  0.38372399 -0.15116937 -0.43485766 -0.06207894  0.05738451  0.20973849
  0.03275573  0.56099225  0.13809487 -0.06739596 -0.11289321]"
25.36882158599891,"[ 0.35003356  0.18262258 -0.03398916 -0.05274626  0.26349102 -0.45911373
 -0.29415077  0.02424945 -0.25462959 -0.32622769 -0.25006155 -0.4555967
  0.35006127 -0.61904857 -0.01675928 -0.20019033  0.00686079  0.11140034
 -0.1301897  -0.02938071  0.09875305  0.13042429 -0.0604373  -0.07237285
  0.27745502  0.05598033  0.42417986  0.03374477 -0.1235454   0.40490913
  0.02470911  0.10065725  0.03855163  0.25833837 -0.10986769 -0.12898604
  0.29210583 -0.43453875  0.2074453   0.0047684   0.38287572 -0.09433323
  0.25477037 -0.10319707  0.01228507 -0.32837499 -0.03965911  0.46362667
  0.02636167  0.20286943  0.20326515  0.02681799 -0.32607642  0.3875891
  0.37588535 -0.12527527 -0.41890102 -0.04418109  0.09546258  0.15550712
  0.02678328  0.52872818  0.12050649 -0.09777815 -0.11256343]",93.4687352333276,"[ 0.47165258  0.32953779 -0.08667692 -0.24825691  0.21721259 -0.60930151
 -0.25573033 -0.02153555 -0.22289415 -0.35396482 -0.23204465 -0.63645002
  0.33923246 -0.62367129 -0.13344455 -0.11930344  0.16958593  0.21885132
 -0.15461703  0.13331259 -0.20738065  0.01497721 -0.04551963 -0.11406629
  0.11502894  0.05817345  0.54261724  0.29942707 -0.2131726   0.28260918
 -0.09598448  0.16972864  0.06004858  0.28970522 -0.25241635 -0.2583882
  0.1926153  -0.44686616  0.17147427 -0.17906071  0.40157906 -0.1072456
  0.19502991 -0.19855684  0.02685981 -0.13513545 -0.08710943  0.48629861
  0.03825981  0.22118187  0.36129424  0.09132243 -0.45502657  0.39435978
  0.41191221  0.03697417 -0.30678113 -0.10096163 -0.00528004  0.11392877
  0.01561191  0.46727451  0.13878483 -0.04401227 -0.07710625]",87.01342167333158,"[ 0.40060186  0.15193049  0.0271524  -0.07383032  0.26628251 -0.41172591
 -0.22082613  0.0623177  -0.30474743 -0.32846376 -0.17803763 -0.49706781
  0.35622378 -0.54936142 -0.10385107 -0.13392949  0.01901915  0.11576148
 -0.1148308  -0.01317588  0.08543628  0.07490041 -0.11601497 -0.00968225
  0.25894948  0.10444648  0.49800397  0.06374325 -0.14298114  0.39636386
 -0.0535297   0.14800307 -0.0107339   0.25938814 -0.08377743 -0.15396183
  0.26179231 -0.43131378  0.23041536 -0.04553529  0.37125291 -0.12522634
  0.2175335  -0.09877264  0.05124355 -0.29800671 -0.08523612  0.50492637
  0.05053663  0.19701445  0.23901694  0.03763008 -0.29861245  0.38563419
  0.38927248 -0.13254879 -0.43077808 -0.09552332  0.12227635  0.16981735
  0.01743018  0.59547552  0.13421416 -0.11363282 -0.15178451]"
22.715418310666763,"[ 3.83618950e-01  1.89203304e-01 -2.59431208e-02 -5.34840663e-02
  2.85468118e-01 -4.86560428e-01 -2.45196572e-01  4.23546084e-02
 -2.99508309e-01 -3.35176825e-01 -1.99519875e-01 -4.90023723e-01
  3.51065982e-01 -5.82596272e-01 -9.30243422e-02 -1.61630224e-01
  2.33220213e-03  1.29487582e-01 -9.30041591e-02 -2.26072882e-02
  5.97755587e-02  8.47158354e-02 -7.37126650e-02 -3.05545455e-02
  2.58513636e-01  8.35727999e-02  4.66313944e-01  7.49853448e-02
 -1.32352207e-01  4.05009959e-01 -1.91503827e-02  1.23947105e-01
  1.71459131e-02  2.42242658e-01 -9.40771459e-02 -1.74882919e-01
  2.31413202e-01 -4.12843934e-01  2.12998737e-01 -4.12351154e-02
  3.65844726e-01 -1.31421802e-01  2.27931287e-01 -1.18651243e-01
  4.58735912e-02 -3.20862971e-01 -7.52190181e-02  4.88859812e-01
  5.42101263e-02  2.09649592e-01  2.27454427e-01 -1.43221388e-02
 -2.98117529e-01  3.66945172e-01  3.89186786e-01 -1.40566675e-01
 -4.55645217e-01 -1.28510183e-01  1.10632025e-01  1.52501627e-01
 -1.85498530e-05  5.78082776e-01  1.24711464e-01 -1.30208027e-01
 -1.22463803e-01]",77.45533859999462,"[ 0.46741746  0.11757275 -0.18828867 -0.20722488  0.44976575 -0.77666253
 -0.28381771 -0.03375706 -0.30895178 -0.40541306 -0.21551678 -0.73780247
  0.34343389 -0.81811602 -0.05010633 -0.28085952 -0.12807408  0.33839606
 -0.12609205  0.03727576  0.08593642  0.04423632 -0.16496691 -0.22435122
  0.1809589   0.23084888  0.34994804  0.20017902 -0.12018951  0.39806273
  0.15850962  0.34585086  0.02896154  0.27490642 -0.3321026  -0.18939579
  0.13477092 -0.46516968  0.04489193 -0.04297021  0.38859185 -0.0017568
  0.29413301 -0.36802345 -0.10458333 -0.3536447  -0.1732786   0.46138395
  0.1165506   0.08909223  0.39427951  0.12986047 -0.32080652  0.36337573
  0.45471019 -0.15011728 -0.32172136 -0.13082823 -0.19435567  0.1542914
  0.00420917  0.62259713  0.17656609 -0.08543121  0.03786325]",71.88605802666862,"[ 0.30173505  0.23769924 -0.09747926 -0.03425357  0.31086524 -0.60417718
 -0.32869605 -0.04272707 -0.31885456 -0.33256075 -0.19418839 -0.49316119
  0.33495162 -0.71518971 -0.09426332 -0.18185002 -0.00998162  0.20225223
 -0.08862521  0.00930091  0.03962273  0.13016531 -0.08205315 -0.08687305
  0.24139286  0.03449435  0.46148319  0.05970491 -0.13161053  0.41612746
  0.10688252  0.16223985  0.021485    0.26733382 -0.08256228 -0.18200293
  0.2109275  -0.43867678  0.16809669 -0.0650118   0.38858033 -0.10503736
  0.25617627 -0.15101612 -0.00264912 -0.31982677 -0.11192061  0.40648568
  0.10247945  0.17990982  0.27639643  0.02618641 -0.30151607  0.29216571
  0.37648809 -0.17584904 -0.41240236 -0.17245452 -0.02521848  0.08559278
  0.02982568  0.58137931  0.17531955 -0.055559   -0.06108631]"
22.502399232664025,"[ 0.31363687  0.19980579 -0.09253219 -0.08109805  0.31523974 -0.60073649
 -0.31864412 -0.00760598 -0.29365124 -0.33480702 -0.18582494 -0.55407777
  0.35128961 -0.68262251 -0.10697406 -0.17749238 -0.01062153  0.17314596
 -0.09595222  0.01022597  0.05821779  0.07462832 -0.08261851 -0.09584319
  0.25585619  0.06408968  0.46923873  0.09989588 -0.10546581  0.41959912
  0.0658401   0.16968531  0.03243294  0.24514156 -0.13518283 -0.17234686
  0.1812336  -0.46968856  0.17458165 -0.11423387  0.37297259 -0.12650655
  0.258485   -0.15582346 -0.01403013 -0.32257879 -0.12784667  0.48141298
  0.09228179  0.20304209  0.27648048  0.02945444 -0.31795324  0.30908778
  0.41949331 -0.15696292 -0.4108429  -0.13610823 -0.03259581  0.10134051
  0.01474191  0.59109795  0.19704521 -0.08816107 -0.08701511]",103.88663150000502,"[ 0.2462836   0.12618249  0.04189695  0.11945371  0.25701819 -0.48402226
 -0.25435229  0.02732928 -0.40061866 -0.28456443 -0.14421529 -0.37384911
  0.37021594 -0.66328305  0.02650019 -0.17482749 -0.05757576 -0.03582588
 -0.01475531 -0.06179743  0.21336528  0.09307805 -0.14585236  0.04973541
  0.32139549  0.04075291  0.48854443 -0.10264959 -0.09828077  0.56994108
  0.21584748  0.1521975  -0.00236985  0.40334449 -0.00572353 -0.01322963
  0.26852496 -0.35094445  0.23958877  0.07630663  0.33950069 -0.03631629
  0.35835481 -0.04798184  0.050369   -0.32486542 -0.0630253   0.35364203
  0.12659171  0.15660395  0.22402179 -0.09120013 -0.24623365  0.30441704
  0.32381499 -0.46186538 -0.55687842 -0.18525862  0.0938264   0.11106834
 -0.03711544  0.62877752  0.19689244 -0.00271226 -0.01826983]",76.81603409332651,"[ 0.38914608  0.17991867 -0.05642693 -0.1727684   0.30490589 -0.54467487
 -0.32930392  0.06749192 -0.37615119 -0.33264863 -0.21561207 -0.54836561
  0.33866818 -0.6869719  -0.10156176 -0.13680355 -0.00650128  0.26378012
 -0.06961592  0.03915887  0.05485993  0.0388036  -0.07690748 -0.14235789
  0.19956921  0.0860556   0.49123743  0.18508186 -0.17751092  0.43835698
  0.04003977  0.22630463  0.04722226  0.26956068 -0.14242176 -0.15616713
  0.18261919 -0.52896532  0.14222583 -0.06073711  0.37225542 -0.08002778
  0.25913372 -0.14028669 -0.06076073 -0.23895251 -0.09076205  0.4790851
  0.07461516  0.14112906  0.31887385  0.07320798 -0.34818499  0.36762834
  0.40271576 -0.16627676 -0.40292455 -0.14300894 -0.04413877  0.06780285
  0.00190599  0.57742539  0.16775018 -0.06191384 -0.04466269]"
25.3312814613329,"[ 0.36444916  0.17298335 -0.02907046 -0.08551309  0.29490632 -0.53919108
 -0.35822697  0.06640417 -0.36224859 -0.31065152 -0.21568642 -0.49245372
  0.36178992 -0.68082136 -0.07420276 -0.16417533 -0.01868304  0.19820959
 -0.07893922  0.00882542  0.08946844  0.05674864 -0.07326041 -0.09420358
  0.23181333  0.05745816  0.48969269  0.13666466 -0.15209602  0.42665439
  0.03570782  0.19387889  0.06444372  0.2602529  -0.13164645 -0.13604701
  0.19691035 -0.47694955  0.19402958 -0.0389769   0.36323082 -0.08957184
  0.2895258  -0.09717924 -0.05729457 -0.28206886 -0.08466889  0.44843312
  0.0977476   0.1634347   0.30284812  0.0292982  -0.31850799  0.33295719
  0.40979436 -0.19767428 -0.45392963 -0.14355351 -0.00104078  0.08164722
  0.01656868  0.59037892  0.16263575 -0.06059751 -0.06576537]",98.4872013000034,"[ 0.2462836   0.12618249  0.04189695  0.11945371  0.25701819 -0.48402226
 -0.25435229  0.02732928 -0.40061866 -0.28456443 -0.14421529 -0.37384911
  0.37021594 -0.66328305  0.02650019 -0.17482749 -0.05757576 -0.03582588
 -0.01475531 -0.06179743  0.21336528  0.09307805 -0.14585236  0.04973541
  0.32139549  0.04075291  0.48854443 -0.10264959 -0.09828077  0.56994108
  0.21584748  0.1521975  -0.00236985  0.40334449 -0.00572353 -0.01322963
  0.26852496 -0.35094445  0.23958877  0.07630663  0.33950069 -0.03631629
  0.35835481 -0.04798184  0.050369   -0.32486542 -0.0630253   0.35364203
  0.12659171  0.15660395  0.22402179 -0.09120013 -0.24623365  0.30441704
  0.32381499 -0.46186538 -0.55687842 -0.18525862  0.0938264   0.11106834
 -0.03711544  0.62877752  0.19689244 -0.00271226 -0.01826983]",82.09983215333195,"[ 0.41981852  0.19061448 -0.01601502 -0.06736583  0.3244762  -0.60400426
 -0.32303599  0.06323724 -0.29069598 -0.2820338  -0.23088277 -0.4191855
  0.35527101 -0.63913321 -0.15032106 -0.17263449 -0.06499831  0.19581608
 -0.08863011 -0.02772375  0.13569126  0.02109637 -0.09123192 -0.04056088
  0.2069427   0.10907829  0.4447999   0.03313522 -0.09096095  0.44618595
  0.09832888  0.14542446  0.07496946  0.21524327 -0.19250456 -0.11907832
  0.18130287 -0.40927272  0.22652816  0.02546295  0.38812631 -0.19737824
  0.36586984 -0.04086519 -0.08250247 -0.38027834 -0.11777108  0.44107661
  0.09074969  0.2019917   0.23481301  0.05580517 -0.3050249   0.22637078
  0.48713036 -0.30230325 -0.4407998  -0.14871741  0.07733284  0.16017523
 -0.03509862  0.63984473  0.21912853 -0.1083405  -0.07955657]"
21.91229376599716,"[ 0.38705846  0.18189188  0.02992688 -0.05504822  0.28378646 -0.55329635
 -0.3274166   0.07964519 -0.33675383 -0.22488797 -0.21846714 -0.42436523
  0.34023609 -0.6519687  -0.14089751 -0.18639528 -0.00873526  0.15444689
 -0.09073507  0.01193403  0.14074797  0.03078393 -0.09124611 -0.02668519
  0.20644623  0.09486733  0.4862737   0.06260631 -0.11888589  0.42979226
  0.08427078  0.16330229  0.07737161  0.24503579 -0.15899432 -0.11132257
  0.22976449 -0.43076356  0.213822    0.02551003  0.39193877 -0.16128815
  0.33682285 -0.08772969 -0.07982896 -0.38071018 -0.0925701   0.43906089
  0.0845185   0.19887809  0.27455975  0.02025808 -0.32726343  0.24917396
  0.46202685 -0.27411983 -0.47986912 -0.15039002  0.0727917   0.14155569
 -0.03186225  0.61151893  0.19998338 -0.10001969 -0.07032193]",87.84841519999706,"[ 0.62072618  0.24032714  0.07398663 -0.05934809  0.25125606 -0.45686322
 -0.41077204  0.12309089 -0.25094171 -0.27823825 -0.43231877 -0.46931005
  0.13169513 -0.65282089 -0.34265803 -0.27589761 -0.09323266  0.2670752
 -0.11188089  0.21393066 -0.07786738 -0.06754752 -0.03791041 -0.08531827
  0.04446584  0.10660499  0.43884896  0.08903466 -0.03567619  0.49619428
 -0.052621   -0.08425266 -0.04014115  0.3128784  -0.2266042  -0.14292908
  0.25411077 -0.32415088  0.41265138  0.09353081  0.24139842 -0.38835317
  0.38330004  0.01530582 -0.07109698 -0.4626952  -0.10041851  0.48289307
  0.05079137  0.17871818  0.11299795  0.00264442 -0.35897514  0.16497404
  0.56135527 -0.15516741 -0.42193164 -0.20875103  0.27388838  0.34930282
  0.03925642  0.6952892   0.31469125 -0.21470233 -0.22505942]",72.06317493333094,"[ 0.48541646  0.28527124 -0.0233363  -0.14249006  0.28414619 -0.55702145
 -0.42399361  0.15406944 -0.39905429 -0.13539368 -0.18918424 -0.48609479
  0.2982573  -0.74194479 -0.21703727 -0.30437348 -0.0438834   0.26589179
 -0.12731205  0.02658959  0.12758946  0.12131981 -0.09710208 -0.01224313
  0.16808495  0.14203901  0.54032453  0.08327288 -0.04298202  0.41793288
  0.06462128  0.19699127  0.08459604  0.18926865 -0.20225263 -0.185856
  0.31580974 -0.40038747  0.26979418  0.07521996  0.37773165 -0.30776252
  0.32397369 -0.11471696 -0.14310068 -0.36668193 -0.16299237  0.47824632
  0.11603948  0.2220065   0.21626914 -0.02529522 -0.32736873  0.24506371
  0.53543151 -0.20174459 -0.47158887 -0.17625322  0.12121781  0.14667182
 -0.07209425  0.63731211  0.2641324  -0.18727476 -0.12453391]"
31.540405450000936,"[ 0.46058716  0.26080248 -0.02510479 -0.14210431  0.30820385 -0.58892286
 -0.43235256  0.14024555 -0.37143612 -0.13299591 -0.18783161 -0.47431681
  0.30202105 -0.7165861  -0.20846607 -0.27606239 -0.05985567  0.2871342
 -0.16252756  0.0130966   0.16095375  0.12634044 -0.10016688 -0.0410598
  0.18607812  0.13762194  0.49897827  0.07669125 -0.03521468  0.45102746
  0.06050109  0.12454369  0.13547059  0.21699768 -0.18709187 -0.2104227
  0.28453308 -0.42748984  0.25596525  0.07506294  0.40582251 -0.27826732
  0.29356381 -0.10406883 -0.13098984 -0.36145551 -0.16131943  0.47745165
  0.11324436  0.19469135  0.19288052  0.03612993 -0.29653867  0.20370626
  0.48504127 -0.19033367 -0.43572943 -0.19667917  0.09814269  0.18036114
 -0.03929182  0.63194498  0.2519578  -0.14611844 -0.09994509]",191.71676493333266,"[ 5.41926595e-01  2.27110049e-01 -1.12585247e-01 -8.58015653e-03
  3.58391373e-01 -7.42443262e-01 -6.90313873e-01  1.53410571e-04
 -4.31435390e-01 -1.72594288e-01 -4.57852107e-01 -5.82157363e-01
  3.86555334e-01 -8.19559308e-01 -2.41061400e-01 -3.12008343e-01
 -1.29885338e-01  3.42774379e-01 -1.65879592e-02  1.15578928e-01
  1.35750360e-01  9.03293252e-02 -1.07145331e-01 -3.08583452e-01
  5.63940245e-03  1.01669302e-01  3.55129883e-01  1.22827262e-01
 -1.40350899e-01  6.29773732e-01  2.12418102e-01 -1.59088715e-01
  8.29243514e-02  2.91072479e-01 -3.05931591e-01 -3.46012093e-01
  4.22032775e-02 -3.54649782e-01  3.82305435e-01  2.25708426e-01
  3.66379769e-01 -3.15785673e-01  3.43955414e-01 -1.24073976e-01
 -1.79128182e-01 -3.07573709e-01 -2.95675201e-02  5.83803656e-01
  1.73401552e-01 -1.65905169e-02 -6.28806375e-03  1.44039911e-01
 -3.64361202e-01 -1.23722411e-01  5.67846403e-01 -2.53159535e-01
 -3.70488393e-01 -2.61112663e-01  4.94240354e-02  1.34710466e-01
 -1.19749223e-01  7.33173026e-01  3.49084648e-01 -2.62560371e-01
 -1.61067291e-01]",115.77284397999563,"[ 0.53696251  0.28516493  0.05248318 -0.09405058  0.23481697 -0.58160565
 -0.49150161  0.07000656 -0.41566352 -0.14187773 -0.25201971 -0.45801357
  0.29173822 -0.73145259 -0.18629658 -0.26228237 -0.03922562  0.28010473
 -0.06142961  0.02083193  0.11303707  0.13851674 -0.15802423 -0.11579833
  0.0874847   0.10982082  0.49611145  0.141461   -0.05790034  0.4718802
  0.00698066  0.12399543  0.04308419  0.27816476 -0.25294866 -0.25677923
  0.25878276 -0.39407572  0.2883875   0.02954332  0.39918764 -0.30461533
  0.30041147 -0.134237   -0.13765013 -0.37428361 -0.13264957  0.46307975
  0.10665421  0.22734987  0.20771592  0.04699331 -0.38494645  0.08644508
  0.5789501  -0.17933086 -0.42214973 -0.2103367   0.1219706   0.20743135
 -0.05528756  0.66766594  0.33057125 -0.21299656 -0.12797205]"
30.309268028667432,"[ 0.52408252  0.28474913  0.02000917 -0.07556026  0.2486481  -0.58228437
 -0.498494    0.07214353 -0.40655268 -0.1597132  -0.24028261 -0.47578011
  0.30981116 -0.70759644 -0.18285785 -0.27671295 -0.05543439  0.30654733
 -0.07337925  0.00861069  0.14561449  0.12012356 -0.12718761 -0.12091843
  0.09959993  0.14223051  0.49001643  0.11016057 -0.06346573  0.49619993
  0.08196106  0.10266367  0.06677807  0.25654882 -0.23391406 -0.27995588
  0.2323187  -0.4112657   0.28926503  0.0817336   0.42000354 -0.27031436
  0.31995121 -0.11017363 -0.15936118 -0.34234375 -0.15523969  0.49688224
  0.08857787  0.18776457  0.17249118  0.04160459 -0.36065208  0.1050632
  0.53460293 -0.18243335 -0.42899359 -0.24167716  0.0951332   0.16368396
 -0.09689223  0.6763172   0.29456373 -0.20557509 -0.1460247 ]",282.18932936667505,"[ 0.67728641  0.40670093  0.0912944  -0.14354607  0.17827245 -0.73020475
 -0.50700649  0.07576535 -0.32987202 -0.06302089 -0.05791317 -0.36569374
  0.27805762 -0.52493953 -0.15139977 -0.17148369  0.11232148  0.23446444
 -0.09964607  0.05625029  0.02163502  0.11282454  0.04512322 -0.03798195
  0.26450464 -0.16685515  0.531074    0.17509831 -0.32131168  0.60981329
 -0.15970022  0.41974308 -0.16185535 -0.00306698 -0.09864787 -0.22958451
  0.32141435 -0.33137812  0.21620452 -0.14421489  0.10507219 -0.21954932
  0.36868762 -0.10673963  0.03719698 -0.52082728 -0.17159654  0.45090292
 -0.03485349  0.30339279  0.32399418 -0.11948948 -0.60347502  0.11934813
  0.69853626 -0.25085664 -0.46507365 -0.32439914  0.15370025  0.29210728
  0.09181977  0.6346104   0.38270471 -0.19188526 -0.07628099]",117.30122092666765,"[ 0.58598222  0.29708857  0.03990491 -0.09779066  0.22399644 -0.63618352
 -0.514181   -0.00760132 -0.44735176 -0.17859695 -0.2799747  -0.51982489
  0.32416736 -0.73788212 -0.23556171 -0.2291135  -0.03833445  0.29148672
 -0.03879061  0.03237078  0.11670452  0.07589437 -0.09867798 -0.1272495
  0.13287222  0.0634583   0.49262469  0.1811301  -0.09925011  0.50772987
  0.01505154  0.12307648  0.02927456  0.19569643 -0.18096977 -0.26506548
  0.23130576 -0.38703324  0.30775376 -0.00859263  0.36232939 -0.28785409
  0.30419014 -0.10592866 -0.12503672 -0.4179577  -0.0588319   0.51477608
  0.11694559  0.14124308  0.15259288 -0.02448828 -0.42167801  0.05246233
  0.58184588 -0.19420498 -0.46900905 -0.27204734  0.06331481  0.19280387
 -0.10044067  0.72175435  0.34304393 -0.21436165 -0.12189449]"
49.11035182199907,"[ 0.54827205  0.32036742  0.07172334 -0.11809381  0.2573454  -0.62308814
 -0.50616524  0.01649331 -0.43775376 -0.17666531 -0.25327931 -0.48983891
  0.33579934 -0.68239218 -0.20506087 -0.23658021 -0.03832345  0.31371972
 -0.05145018  0.03050315  0.10115807  0.12083774 -0.10475085 -0.06500455
  0.13725312  0.08162666  0.52040107  0.16489719 -0.13195407  0.53057436
 -0.00578899  0.18574731  0.0247944   0.20158321 -0.22178135 -0.2289446
  0.25374698 -0.39310779  0.29286033 -0.01934777  0.35838805 -0.27890803
  0.32943577 -0.11438493 -0.07832297 -0.43552318 -0.11822928  0.4862377
  0.07400287  0.17895346  0.18646927 -0.02649507 -0.42773102  0.07303459
  0.57153307 -0.20321316 -0.48395087 -0.26444838  0.11557718  0.19234162
 -0.06545581  0.69060638  0.33953542 -0.20694429 -0.14090371]",553.2603276333248,"[ 0.67728641  0.40670093  0.0912944  -0.14354607  0.17827245 -0.73020475
 -0.50700649  0.07576535 -0.32987202 -0.06302089 -0.05791317 -0.36569374
  0.27805762 -0.52493953 -0.15139977 -0.17148369  0.11232148  0.23446444
 -0.09964607  0.05625029  0.02163502  0.11282454  0.04512322 -0.03798195
  0.26450464 -0.16685515  0.531074    0.17509831 -0.32131168  0.60981329
 -0.15970022  0.41974308 -0.16185535 -0.00306698 -0.09864787 -0.22958451
  0.32141435 -0.33137812  0.21620452 -0.14421489  0.10507219 -0.21954932
  0.36868762 -0.10673963  0.03719698 -0.52082728 -0.17159654  0.45090292
 -0.03485349  0.30339279  0.32399418 -0.11948948 -0.60347502  0.11934813
  0.69853626 -0.25085664 -0.46507365 -0.32439914  0.15370025  0.29210728
  0.09181977  0.6346104   0.38270471 -0.19188526 -0.07628099]",291.8188784866594,"[ 0.58393488  0.3661772   0.05160414 -0.08938802  0.32653315 -0.69187701
 -0.58311083  0.07229328 -0.3239124  -0.10529128 -0.18665825 -0.5025279
  0.29375138 -0.5915767  -0.21556745 -0.1813407   0.0035991   0.31655861
 -0.06230337  0.06087572 -0.01859146  0.13812973 -0.08250376 -0.10890308
  0.09283014 -0.04201876  0.55156454  0.18540383 -0.21774711  0.67611767
 -0.01751099  0.24668581 -0.05815484  0.0926077  -0.20322306 -0.24899366
  0.24747439 -0.3296233   0.26417684 -0.04592918  0.24790951 -0.2297621
  0.36468328 -0.11479492 -0.02660709 -0.50637977 -0.12908168  0.48600046
  0.03664122  0.18712742  0.29232269 -0.04251202 -0.48597179  0.10049268
  0.70750214 -0.24342249 -0.44241055 -0.26265218  0.18008629  0.18771508
 -0.06684386  0.71686141  0.33254701 -0.15635332 -0.23888345]"
40.12058810666728,"[ 0.58693279  0.33779181  0.0523979  -0.08674216  0.28987827 -0.7177391
 -0.54405759  0.0133696  -0.35121929 -0.13214398 -0.23859532 -0.51209882
  0.2752255  -0.61921707 -0.22824659 -0.19211041 -0.00390416  0.33663
 -0.04044707  0.05137933  0.02220999  0.10448116 -0.09078667 -0.11472707
  0.09796116 -0.02426075  0.52414791  0.18892423 -0.23875302  0.66855807
 -0.02103475  0.19530241 -0.07227979  0.11306032 -0.20800861 -0.24341074
  0.22937764 -0.34614486  0.30157465 -0.00192161  0.26574922 -0.24866605
  0.37428772 -0.1085857  -0.0593545  -0.44589823 -0.16165441  0.55820736
  0.04716078  0.15638215  0.25239245 -0.00955089 -0.48291352  0.04567492
  0.64445437 -0.21210899 -0.45103038 -0.26910672  0.16058312  0.18751799
 -0.05992247  0.66778097  0.3223072  -0.18128455 -0.20034558]",412.1684826999942,"[ 0.50237658  0.36650438 -0.01699639 -0.05747592  0.38353326 -0.70411354
 -0.43376189  0.1208069  -0.43694902 -0.29206366 -0.31120005 -0.55573285
  0.07233634 -0.65675533 -0.40779462 -0.15643297 -0.00834572  0.52660789
  0.12754823 -0.03465943 -0.09324806  0.14770841 -0.25045214 -0.16758696
 -0.11694794  0.03162989  0.6835374   0.2465838  -0.30210394  0.91163625
 -0.07449643  0.16599516 -0.10334023  0.14090636 -0.36817471 -0.10802324
  0.26213407 -0.41195393  0.36554393  0.00191656  0.4655224  -0.29192282
  0.45878218 -0.05783484  0.06674705 -0.43027019 -0.34164458  0.69524756
 -0.07672975  0.30332776  0.41218427  0.03509322 -0.34788807  0.0823487
  0.60839171 -0.19349883 -0.50852906 -0.24484136  0.57037708  0.1915583
 -0.331652    0.68273399  0.14522619 -0.21688499 -0.4654678 ]",212.54114292666395,"[ 0.59795419  0.3262102   0.05929155 -0.07803553  0.23382355 -0.74437236
 -0.54541598  0.03024169 -0.32518318 -0.12999271 -0.18650971 -0.46051057
  0.30609901 -0.5691313  -0.16540776 -0.21859775  0.05906522  0.34472807
 -0.07080126  0.06789096  0.01952812  0.16422444 -0.06615886 -0.08793132
  0.10845434 -0.07299188  0.52781435  0.19446339 -0.2919693   0.64049901
 -0.07128348  0.23577762 -0.10971381  0.11196502 -0.12167374 -0.27406261
  0.25906389 -0.32710458  0.3119109  -0.04512193  0.1840343  -0.24306857
  0.37595241 -0.07609253 -0.05740293 -0.46563243 -0.09506066  0.55279144
 -0.02674045  0.2345587   0.25807744 -0.075217   -0.52166943  0.06444384
  0.67839063 -0.2203255  -0.47275944 -0.32820129  0.19569786  0.2743358
 -0.08127166  0.69532192  0.33236705 -0.22297145 -0.20633044]"
38.83506228800186,"[ 0.56914993  0.34181407  0.06607532 -0.03653539  0.26187728 -0.6969471
 -0.54295691  0.02559301 -0.33383436 -0.1555271  -0.2277353  -0.47277868
  0.27692963 -0.58019272 -0.17194597 -0.19476215  0.02611406  0.34059489
 -0.02329971  0.07308552  0.0290929   0.13273155 -0.1014736  -0.09739721
  0.06604539 -0.05834214  0.50486853  0.22415641 -0.27400427  0.65631158
 -0.02041273  0.18543097 -0.08924653  0.14511956 -0.17578653 -0.25555048
  0.24276433 -0.33508606  0.30860482 -0.03566821  0.2212499  -0.22806474
  0.37957177 -0.08541291 -0.05092353 -0.46662725 -0.12738531  0.58528525
  0.0054581   0.18575999  0.23539313 -0.03471766 -0.46520801  0.05921251
  0.66205627 -0.2397566  -0.43766455 -0.30931767  0.19435464  0.25600066
 -0.10365478  0.67917355  0.30684121 -0.21582893 -0.23407731]",237.0038938333455,"[ 0.50122592  0.41036303  0.1413923   0.0116851   0.2781313  -0.70355636
 -0.58984194  0.19514022 -0.3108882  -0.2749511  -0.22673109 -0.55491538
  0.01270378 -0.6112196  -0.43123138 -0.22434413  0.07434686  0.49043837
  0.15444529  0.06920085 -0.16055002  0.02308982 -0.21477201 -0.10738068
 -0.11958838  0.10092918  0.64902934  0.17708872 -0.34279421  0.89983746
 -0.12777448  0.20790353 -0.01014235  0.12667448 -0.16484791 -0.26644059
  0.28868885 -0.55720659  0.3650906  -0.06143335  0.44617936 -0.25205456
  0.52047197  0.00255772 -0.1513656  -0.49812233 -0.32606655  0.58056219
  0.16110397  0.24793375  0.43187701  0.211412   -0.32466496  0.01607197
  0.6645331  -0.36731355 -0.52005646 -0.19695649  0.47875961  0.26824959
 -0.32453872  0.77638664  0.12852799 -0.21686617 -0.36998115]",154.53762077333715,"[ 0.57966428  0.4344135   0.12721529 -0.06141247  0.23870921 -0.7348613
 -0.60238539  0.06096321 -0.32530019 -0.12920705 -0.11402337 -0.42166998
  0.21403147 -0.52833096 -0.22743574 -0.22890774  0.0976245   0.35078598
 -0.03670652  0.05381902 -0.01892627  0.17081667 -0.08692136 -0.04047362
  0.09512259 -0.05743244  0.56914781  0.16364692 -0.33330226  0.73914955
 -0.17103175  0.31673338 -0.15290883  0.045095   -0.13090211 -0.24065785
  0.31248341 -0.35165743  0.37678639 -0.10499932  0.20475407 -0.23140555
  0.4593983  -0.07288437 -0.09751285 -0.47457756 -0.15454637  0.58633926
 -0.03127205  0.36636506  0.39401543 -0.04309982 -0.53129743  0.09642977
  0.68538628 -0.29539598 -0.45024994 -0.30614848  0.31671113  0.31901471
 -0.06060621  0.7152399   0.29953793 -0.21368522 -0.25936006]"
50.57243367533374,"[ 0.5564535   0.41579018  0.09975212 -0.01508106  0.2618467  -0.72359118
 -0.60055525  0.09784655 -0.32082179 -0.15019557 -0.14185167 -0.46123859
  0.20030192 -0.55637774 -0.27284896 -0.21331168  0.06603612  0.37181307
  0.04184403  0.04961238 -0.03027937  0.10908164 -0.1529376  -0.09532121
  0.01654819 -0.01607266  0.58268381  0.18288891 -0.31692636  0.7565264
 -0.1086186   0.2350115  -0.10851546  0.10233763 -0.15828756 -0.24060406
  0.304209   -0.40599422  0.3577783  -0.06742439  0.26755457 -0.22758198
  0.44251128 -0.05767699 -0.08614725 -0.4727244  -0.18606784  0.59304904
  0.02531968  0.28652521  0.32902459 -0.00247083 -0.44761495  0.08478697
  0.67613665 -0.30379833 -0.48045758 -0.31090856  0.28629197  0.28184322
 -0.12890532  0.69976781  0.28272939 -0.2365831  -0.25343195]",901.9641086000096,"[ 0.67728641  0.40670093  0.0912944  -0.14354607  0.17827245 -0.73020475
 -0.50700649  0.07576535 -0.32987202 -0.06302089 -0.05791317 -0.36569374
  0.27805762 -0.52493953 -0.15139977 -0.17148369  0.11232148  0.23446444
 -0.09964607  0.05625029  0.02163502  0.11282454  0.04512322 -0.03798195
  0.26450464 -0.16685515  0.531074    0.17509831 -0.32131168  0.60981329
 -0.15970022  0.41974308 -0.16185535 -0.00306698 -0.09864787 -0.22958451
  0.32141435 -0.33137812  0.21620452 -0.14421489  0.10507219 -0.21954932
  0.36868762 -0.10673963  0.03719698 -0.52082728 -0.17159654  0.45090292
 -0.03485349  0.30339279  0.32399418 -0.11948948 -0.60347502  0.11934813
  0.69853626 -0.25085664 -0.46507365 -0.32439914  0.15370025  0.29210728
  0.09181977  0.6346104   0.38270471 -0.19188526 -0.07628099]",292.2680515533333,"[ 0.65406228  0.48815944  0.09318739 -0.0761686   0.22183351 -0.73887258
 -0.6180886   0.02327476 -0.29991609 -0.11770734 -0.13118819 -0.37722845
  0.26763537 -0.52641758 -0.19364515 -0.20536189  0.1265666   0.29743261
 -0.04165629  0.02353518  0.01748944  0.13028728 -0.04597211 -0.0899615
  0.14413263 -0.05120453  0.53028696  0.09928994 -0.33755317  0.63709918
 -0.16985987  0.37992318 -0.17049534  0.1043961  -0.12561895 -0.25814273
  0.29725336 -0.3191801   0.35421844 -0.07505956  0.11103438 -0.21554266
  0.35683192 -0.07243324 -0.07622321 -0.52015105 -0.05677886  0.58322205
 -0.07132405  0.27284875  0.30726431 -0.12946092 -0.49675228  0.09498341
  0.73106651 -0.25181504 -0.44343148 -0.39475554  0.23211658  0.33312356
 -0.01150824  0.66223201  0.31125305 -0.21992688 -0.21972725]"
38.22621034266582,"[ 0.62263343  0.45768826  0.10595005 -0.0784444   0.24272512 -0.73032224
 -0.62297734  0.07181733 -0.31152674 -0.1036947  -0.12381965 -0.40258541
  0.2782913  -0.53674095 -0.21833072 -0.23334447  0.13119125  0.3303635
 -0.03239274  0.04818874  0.019474    0.13363142 -0.06248949 -0.09917129
  0.15131607 -0.081246    0.5545385   0.11268895 -0.33727382  0.69250874
 -0.16366116  0.35310089 -0.14936013  0.03339156 -0.11947812 -0.25109228
  0.30138444 -0.34499751  0.31709402 -0.09028977  0.1606016  -0.22305096
  0.37701177 -0.07972648 -0.07262657 -0.51925614 -0.10677168  0.58261121
 -0.04822848  0.31253375  0.35482477 -0.09186819 -0.51462673  0.09538585
  0.70076384 -0.24393446 -0.41956484 -0.36660175  0.23368335  0.31809631
 -0.05439872  0.66821446  0.31869321 -0.22085907 -0.20912644]",760.6444412333367,"[ 0.67728641  0.40670093  0.0912944  -0.14354607  0.17827245 -0.73020475
 -0.50700649  0.07576535 -0.32987202 -0.06302089 -0.05791317 -0.36569374
  0.27805762 -0.52493953 -0.15139977 -0.17148369  0.11232148  0.23446444
 -0.09964607  0.05625029  0.02163502  0.11282454  0.04512322 -0.03798195
  0.26450464 -0.16685515  0.531074    0.17509831 -0.32131168  0.60981329
 -0.15970022  0.41974308 -0.16185535 -0.00306698 -0.09864787 -0.22958451
  0.32141435 -0.33137812  0.21620452 -0.14421489  0.10507219 -0.21954932
  0.36868762 -0.10673963  0.03719698 -0.52082728 -0.17159654  0.45090292
 -0.03485349  0.30339279  0.32399418 -0.11948948 -0.60347502  0.11934813
  0.69853626 -0.25085664 -0.46507365 -0.32439914  0.15370025  0.29210728
  0.09181977  0.6346104   0.38270471 -0.19188526 -0.07628099]",225.78495485333457,"[ 0.65934502  0.46476385  0.09342759 -0.09634734  0.17924037 -0.72502206
 -0.57290362  0.04459503 -0.34226835 -0.1199097  -0.08410126 -0.35441616
  0.23594221 -0.52481111 -0.166931   -0.20619135  0.14713649  0.25383796
 -0.03625172  0.05480143  0.00977584  0.13190002  0.01330897 -0.08309479
  0.17186751 -0.09540543  0.54540184  0.14929689 -0.28937608  0.63472553
 -0.1795757   0.36400838 -0.14031292  0.06434019 -0.11221664 -0.27010778
  0.32252228 -0.3762643   0.35662714 -0.12780953  0.15731582 -0.20078699
  0.39596675 -0.12669445  0.00785601 -0.48407197 -0.13692195  0.57706437
 -0.04498214  0.33818177  0.36835824 -0.10411577 -0.5452763   0.10659587
  0.65164007 -0.27605095 -0.37026256 -0.319663    0.2658538   0.30877655
  0.02830705  0.68108078  0.30973491 -0.20167784 -0.19927606]"
44.3898122833318,"[ 0.59243073  0.44774444  0.08180966 -0.05899461  0.20701617 -0.70667177
 -0.57059728  0.06707979 -0.33536721 -0.0912107  -0.09241958 -0.39110584
  0.24489674 -0.5556581  -0.18787034 -0.21858829  0.11340644  0.28217107
 -0.04672838  0.05618316  0.01223362  0.13042585 -0.02094382 -0.10677162
  0.18021411 -0.10222482  0.57215459  0.1835186  -0.31126107  0.66943641
 -0.14251578  0.34464244 -0.17006143  0.09883136 -0.08137376 -0.26371833
  0.31064972 -0.39502029  0.32373586 -0.13983407  0.18228835 -0.21272629
  0.35875155 -0.07424793 -0.03575113 -0.50597571 -0.14935764  0.56242698
 -0.01033569  0.33407317  0.35545228 -0.11043799 -0.49291102  0.08947117
  0.66590949 -0.26990208 -0.40808543 -0.33147849  0.2472592   0.27879045
  0.00618654  0.63776908  0.29297919 -0.18908355 -0.1972419 ]",401.6555152000025,"[ 0.50237658  0.36650438 -0.01699639 -0.05747592  0.38353326 -0.70411354
 -0.43376189  0.1208069  -0.43694902 -0.29206366 -0.31120005 -0.55573285
  0.07233634 -0.65675533 -0.40779462 -0.15643297 -0.00834572  0.52660789
  0.12754823 -0.03465943 -0.09324806  0.14770841 -0.25045214 -0.16758696
 -0.11694794  0.03162989  0.6835374   0.2465838  -0.30210394  0.91163625
 -0.07449643  0.16599516 -0.10334023  0.14090636 -0.36817471 -0.10802324
  0.26213407 -0.41195393  0.36554393  0.00191656  0.4655224  -0.29192282
  0.45878218 -0.05783484  0.06674705 -0.43027019 -0.34164458  0.69524756
 -0.07672975  0.30332776  0.41218427  0.03509322 -0.34788807  0.0823487
  0.60839171 -0.19349883 -0.50852906 -0.24484136  0.57037708  0.1915583
 -0.331652    0.68273399  0.14522619 -0.21688499 -0.4654678 ]",236.7722803866646,"[ 0.58262266  0.46770058  0.11810078 -0.07722341  0.21328821 -0.71111366
 -0.55200789  0.141556   -0.3525545  -0.12781239 -0.10640634 -0.3813887
  0.24858075 -0.52577414 -0.23358959 -0.17489044  0.10764823  0.28478435
 -0.09116236 -0.01262349 -0.01039633  0.15168931 -0.00904864 -0.14660392
  0.21691499 -0.11675305  0.59914709  0.20762061 -0.26419517  0.68250199
 -0.14473927  0.39362502 -0.12047614  0.12607002 -0.06812799 -0.26897627
  0.35506702 -0.45767104  0.29267106 -0.10811668  0.17519224 -0.21577125
  0.36971767 -0.03762536 -0.02074466 -0.56028136 -0.18517214  0.60790114
  0.04501877  0.32094529  0.37507521 -0.10087985 -0.490674    0.15708529
  0.66556109 -0.23122166 -0.4197487  -0.28289507  0.31179133  0.22522488
  0.05104135  0.60829975  0.28591479 -0.12501984 -0.196819  ]"
47.51308912666786,"[ 0.59057095  0.4511614   0.11138267 -0.08015937  0.23001891 -0.73220202
 -0.58125819  0.10671052 -0.37757889 -0.10545838 -0.12441024 -0.43042966
  0.2460411  -0.56368276 -0.24220552 -0.2323566   0.09803969  0.29175496
 -0.06460335  0.00325731  0.00493341  0.19543282 -0.04443766 -0.09948206
  0.15899125 -0.07074946  0.62406338  0.20959176 -0.26963162  0.72527854
 -0.1085749   0.35222438 -0.13366587  0.12902258 -0.10913922 -0.24072769
  0.35218392 -0.40597383  0.30446301 -0.12536044  0.23864431 -0.2532274
  0.39662281 -0.07625278 -0.05435504 -0.51057412 -0.17823926  0.62386716
 -0.00528997  0.33405638  0.39373296 -0.08810778 -0.42918799  0.09670133
  0.69262659 -0.23248501 -0.42394027 -0.29086087  0.36622478  0.24179757
 -0.01857178  0.66832888  0.2704973  -0.18381622 -0.24615387]",590.4335777000039,"[ 0.67728641  0.40670093  0.0912944  -0.14354607  0.17827245 -0.73020475
 -0.50700649  0.07576535 -0.32987202 -0.06302089 -0.05791317 -0.36569374
  0.27805762 -0.52493953 -0.15139977 -0.17148369  0.11232148  0.23446444
 -0.09964607  0.05625029  0.02163502  0.11282454  0.04512322 -0.03798195
  0.26450464 -0.16685515  0.531074    0.17509831 -0.32131168  0.60981329
 -0.15970022  0.41974308 -0.16185535 -0.00306698 -0.09864787 -0.22958451
  0.32141435 -0.33137812  0.21620452 -0.14421489  0.10507219 -0.21954932
  0.36868762 -0.10673963  0.03719698 -0.52082728 -0.17159654  0.45090292
 -0.03485349  0.30339279  0.32399418 -0.11948948 -0.60347502  0.11934813
  0.69853626 -0.25085664 -0.46507365 -0.32439914  0.15370025  0.29210728
  0.09181977  0.6346104   0.38270471 -0.19188526 -0.07628099]",238.03113451333675,"[ 0.55102748  0.46809876  0.10573847 -0.06810131  0.23326319 -0.74019616
 -0.68008927  0.10067234 -0.37567085 -0.13942226 -0.13939428 -0.49935096
  0.21306192 -0.61353157 -0.31535843 -0.22315039  0.05549404  0.31312646
 -0.02087895 -0.07526022  0.02683785  0.21190534 -0.15739376 -0.22051698
  0.15957371 -0.04452551  0.62331422  0.14413133 -0.30057716  0.79166945
 -0.15271568  0.30383392 -0.12765692  0.23015744 -0.23520961 -0.28469543
  0.3331513  -0.3762      0.35887689 -0.0129977   0.18748419 -0.33064955
  0.40159487 -0.08766688 -0.04747053 -0.4837327  -0.1895378   0.71740168
 -0.03795529  0.29798008  0.4798251  -0.1191936  -0.40478324  0.07928716
  0.7633168  -0.17926948 -0.42995134 -0.29047519  0.35987005  0.19150041
 -0.01334014  0.65546584  0.27262805 -0.16353164 -0.32449089]"
38.890810276666116,"[ 0.56738733  0.46826828  0.10973681 -0.09594509  0.25110162 -0.74618897
 -0.60640947  0.10716583 -0.37925025 -0.1388852  -0.14678805 -0.50211698
  0.21668945 -0.57418793 -0.27733028 -0.22249046  0.075924    0.31535278
 -0.04445872 -0.02304647  0.03316827  0.16604938 -0.13906111 -0.16529092
  0.14875961 -0.06469844  0.60137877  0.17049155 -0.29958898  0.74424979
 -0.13879882  0.31782647 -0.13503171  0.17847408 -0.20315721 -0.25010958
  0.35507007 -0.34738386  0.35075318 -0.05729787  0.18530895 -0.29519209
  0.40311826 -0.09337616 -0.0163037  -0.51518857 -0.18648088  0.64761713
 -0.03562699  0.31839142  0.44113332 -0.12655611 -0.41212619  0.0841826
  0.72072862 -0.20010782 -0.42810095 -0.26473281  0.38805289  0.24534663
 -0.00755081  0.64309791  0.2656587  -0.17115209 -0.29450463]",295.51782486666343,"[ 0.67728641  0.40670093  0.0912944  -0.14354607  0.17827245 -0.73020475
 -0.50700649  0.07576535 -0.32987202 -0.06302089 -0.05791317 -0.36569374
  0.27805762 -0.52493953 -0.15139977 -0.17148369  0.11232148  0.23446444
 -0.09964607  0.05625029  0.02163502  0.11282454  0.04512322 -0.03798195
  0.26450464 -0.16685515  0.531074    0.17509831 -0.32131168  0.60981329
 -0.15970022  0.41974308 -0.16185535 -0.00306698 -0.09864787 -0.22958451
  0.32141435 -0.33137812  0.21620452 -0.14421489  0.10507219 -0.21954932
  0.36868762 -0.10673963  0.03719698 -0.52082728 -0.17159654  0.45090292
 -0.03485349  0.30339279  0.32399418 -0.11948948 -0.60347502  0.11934813
  0.69853626 -0.25085664 -0.46507365 -0.32439914  0.15370025  0.29210728
  0.09181977  0.6346104   0.38270471 -0.19188526 -0.07628099]",196.47544238000023,"[ 0.56308314  0.37908844  0.0116101  -0.04112989  0.28417249 -0.70471345
 -0.57888083  0.11949798 -0.42425067 -0.2150107  -0.26913912 -0.57165869
  0.14934574 -0.60755996 -0.30487431 -0.15817439  0.08374938  0.37651294
  0.00553114 -0.06889263 -0.01250681  0.21690247 -0.23611346 -0.19867958
  0.09418483  0.02366372  0.61190204  0.24448101 -0.26616292  0.83119704
 -0.13110983  0.21228049 -0.10660123  0.21943214 -0.31412661 -0.19920776
  0.24479172 -0.39091641  0.39325289  0.02206923  0.26979509 -0.31501902
  0.44415185 -0.10726914  0.03143784 -0.47443483 -0.27291594  0.61947973
 -0.0465045   0.32699155  0.46593596 -0.0811341  -0.37450732  0.08110069
  0.69975574 -0.1624658  -0.43910011 -0.17949737  0.46059287  0.20441396
 -0.11444989  0.61735984  0.1806063  -0.15938798 -0.36983291]"
42.79226526733234,"[ 0.57843253  0.41685332  0.04176515 -0.0519002   0.27349195 -0.70429126
 -0.61092824  0.11149121 -0.40054511 -0.19858917 -0.20717555 -0.54726934
  0.18782841 -0.59250247 -0.27114529 -0.18415707  0.09942047  0.36873431
  0.01737541 -0.0502853  -0.00461401  0.17521552 -0.19983618 -0.1607846
  0.12074506  0.01344461  0.61102592  0.21943739 -0.30924332  0.78734305
 -0.14192939  0.2463829  -0.12305396  0.24661673 -0.25027776 -0.20983884
  0.28839866 -0.3999988   0.37146945 -0.02060457  0.27728187 -0.31940467
  0.42198829 -0.11567169  0.00770031 -0.44969385 -0.25453466  0.61743533
 -0.02259047  0.32410829  0.4424321  -0.09447798 -0.40038713  0.0822135
  0.70533233 -0.18593089 -0.45450232 -0.22419824  0.4210869   0.22024702
 -0.07172191  0.64181188  0.19599343 -0.19548853 -0.33970344]",457.35929679999634,"[ 0.67728641  0.40670093  0.0912944  -0.14354607  0.17827245 -0.73020475
 -0.50700649  0.07576535 -0.32987202 -0.06302089 -0.05791317 -0.36569374
  0.27805762 -0.52493953 -0.15139977 -0.17148369  0.11232148  0.23446444
 -0.09964607  0.05625029  0.02163502  0.11282454  0.04512322 -0.03798195
  0.26450464 -0.16685515  0.531074    0.17509831 -0.32131168  0.60981329
 -0.15970022  0.41974308 -0.16185535 -0.00306698 -0.09864787 -0.22958451
  0.32141435 -0.33137812  0.21620452 -0.14421489  0.10507219 -0.21954932
  0.36868762 -0.10673963  0.03719698 -0.52082728 -0.17159654  0.45090292
 -0.03485349  0.30339279  0.32399418 -0.11948948 -0.60347502  0.11934813
  0.69853626 -0.25085664 -0.46507365 -0.32439914  0.15370025  0.29210728
  0.09181977  0.6346104   0.38270471 -0.19188526 -0.07628099]",245.35777480666485,"[ 0.58197235  0.38664375 -0.00141548 -0.09800711  0.24094647 -0.72038641
 -0.52907024  0.13162197 -0.39485952 -0.192523   -0.23897657 -0.57707036
  0.1933555  -0.61635317 -0.2967948  -0.1821334   0.04948339  0.35335663
 -0.02528788 -0.06162382  0.01089698  0.1591007  -0.18402822 -0.1288398
  0.18173665 -0.01823641  0.64912381  0.18906233 -0.28473733  0.84078808
 -0.15871235  0.26274813 -0.15229081  0.13629469 -0.29028116 -0.20588798
  0.22721811 -0.36035406  0.31098332  0.00129646  0.22731756 -0.33165419
  0.40900948 -0.08326075  0.04245876 -0.51593949 -0.2732557   0.61933851
 -0.03586782  0.32837584  0.47559604 -0.07022923 -0.41652973  0.05983931
  0.75973136 -0.18377895 -0.4400827  -0.16700349  0.37753058  0.21527844
 -0.08492046  0.64550549  0.22049322 -0.16193698 -0.32172059]"
42.63288530933342,"[ 0.59506241  0.38382946  0.02763076 -0.12091903  0.30348143 -0.70486554
 -0.48989395  0.10691287 -0.39480064 -0.16378567 -0.21007102 -0.49742804
  0.19655841 -0.5848806  -0.2766642  -0.17264668  0.06834757  0.36888282
  0.00383563 -0.01881064 -0.01063759  0.1339435  -0.15001889 -0.12600329
  0.11150814 -0.05297235  0.62218519  0.21618577 -0.30479012  0.82929127
 -0.14338883  0.25730304 -0.14007125  0.12156507 -0.25370496 -0.16301197
  0.25654706 -0.35974884  0.29691241 -0.0379019   0.26134503 -0.28501497
  0.37850186 -0.06423635  0.05541869 -0.50136798 -0.27229601  0.60820624
 -0.03811358  0.33216763  0.4486931  -0.05540022 -0.431107    0.0915668
  0.7033651  -0.17627518 -0.47483925 -0.24633129  0.37485891  0.21297248
 -0.10438152  0.64653121  0.23456874 -0.17658484 -0.31585012]",537.2341706999965,"[ 0.67728641  0.40670093  0.0912944  -0.14354607  0.17827245 -0.73020475
 -0.50700649  0.07576535 -0.32987202 -0.06302089 -0.05791317 -0.36569374
  0.27805762 -0.52493953 -0.15139977 -0.17148369  0.11232148  0.23446444
 -0.09964607  0.05625029  0.02163502  0.11282454  0.04512322 -0.03798195
  0.26450464 -0.16685515  0.531074    0.17509831 -0.32131168  0.60981329
 -0.15970022  0.41974308 -0.16185535 -0.00306698 -0.09864787 -0.22958451
  0.32141435 -0.33137812  0.21620452 -0.14421489  0.10507219 -0.21954932
  0.36868762 -0.10673963  0.03719698 -0.52082728 -0.17159654  0.45090292
 -0.03485349  0.30339279  0.32399418 -0.11948948 -0.60347502  0.11934813
  0.69853626 -0.25085664 -0.46507365 -0.32439914  0.15370025  0.29210728
  0.09181977  0.6346104   0.38270471 -0.19188526 -0.07628099]",216.17452007333435,"[ 0.58308528  0.38740995  0.08402222 -0.13269963  0.30085861 -0.72848205
 -0.41209235  0.08513098 -0.388579   -0.17477636 -0.16337058 -0.41856929
  0.18252981 -0.5380811  -0.26283173 -0.13643937  0.07953256  0.34945511
  0.00460769  0.02837385 -0.14809666  0.12111215 -0.0145982  -0.05646428
  0.08634881 -0.09331003  0.55182022  0.16886187 -0.31426524  0.8077305
 -0.12665669  0.33814726 -0.13243287  0.06391763 -0.25982726 -0.18922074
  0.27166113 -0.37912475  0.2469445  -0.09677778  0.30117721 -0.27465713
  0.33486823 -0.04569133  0.12229071 -0.4715089  -0.23870892  0.5590417
 -0.03371395  0.31820759  0.37333945 -0.03404116 -0.47590876  0.12004995
  0.7003547  -0.22275607 -0.44265418 -0.30830705  0.27197977  0.29406746
 -0.09055047  0.63488258  0.26666358 -0.23109769 -0.20131549]"
38.67244344200066,"[ 0.59816589  0.37508357  0.07773829 -0.17532046  0.2839722  -0.73716147
 -0.46202773  0.0850897  -0.35891923 -0.14766419 -0.11325743 -0.43529705
  0.20099022 -0.54832485 -0.23584647 -0.15535285  0.05715362  0.31382121
 -0.02407452  0.0093695  -0.10073524  0.07933759 -0.02600422 -0.09555557
  0.13043938 -0.11896854  0.53826624  0.2186716  -0.3208998   0.75522884
 -0.13998337  0.39530289 -0.17467717  0.05657543 -0.2110773  -0.18570968
  0.30757029 -0.37720026  0.25110948 -0.11798647  0.26231715 -0.24007737
  0.37728198 -0.06969838  0.1043993  -0.46287826 -0.23236577  0.52770372
 -0.0485561   0.33796621  0.38683268 -0.05032071 -0.50104949  0.11664602
  0.71371843 -0.23307008 -0.48701597 -0.32883091  0.23891181  0.27799387
 -0.0544315   0.625652    0.29836994 -0.20388299 -0.18340807]",444.6526746333305,"[ 0.67728641  0.40670093  0.0912944  -0.14354607  0.17827245 -0.73020475
 -0.50700649  0.07576535 -0.32987202 -0.06302089 -0.05791317 -0.36569374
  0.27805762 -0.52493953 -0.15139977 -0.17148369  0.11232148  0.23446444
 -0.09964607  0.05625029  0.02163502  0.11282454  0.04512322 -0.03798195
  0.26450464 -0.16685515  0.531074    0.17509831 -0.32131168  0.60981329
 -0.15970022  0.41974308 -0.16185535 -0.00306698 -0.09864787 -0.22958451
  0.32141435 -0.33137812  0.21620452 -0.14421489  0.10507219 -0.21954932
  0.36868762 -0.10673963  0.03719698 -0.52082728 -0.17159654  0.45090292
 -0.03485349  0.30339279  0.32399418 -0.11948948 -0.60347502  0.11934813
  0.69853626 -0.25085664 -0.46507365 -0.32439914  0.15370025  0.29210728
  0.09181977  0.6346104   0.38270471 -0.19188526 -0.07628099]",205.46442245999933,"[ 6.93835403e-01  3.92824844e-01  8.96644375e-02 -1.00988659e-01
  2.51796873e-01 -7.77420272e-01 -4.37001564e-01  5.40040212e-02
 -2.85057949e-01 -1.31975151e-01 -1.40954082e-01 -4.90832696e-01
  1.91573015e-01 -5.74985613e-01 -2.03504573e-01 -1.51609152e-01
  4.31900982e-02  2.95037755e-01 -6.01444309e-02  2.18975666e-02
 -1.10006675e-01  3.17247969e-02 -4.43938712e-04 -1.32633677e-01
  2.09258100e-01 -1.27959080e-01  5.67423052e-01  2.17659545e-01
 -3.06322350e-01  7.70311110e-01 -1.15144608e-01  4.12685335e-01
 -1.32752236e-01  7.46980876e-02 -1.95856467e-01 -2.36449612e-01
  3.34188632e-01 -3.74617995e-01  2.00921612e-01 -1.30340060e-01
  2.85564732e-01 -2.07251379e-01  4.09866629e-01 -7.68718662e-02
  7.94640334e-02 -5.17387615e-01 -2.23541371e-01  5.26002467e-01
  2.19302338e-02  3.06092434e-01  3.45877428e-01 -4.29711542e-02
 -4.80377225e-01  1.19499651e-01  7.11012610e-01 -2.17947215e-01
 -4.79632456e-01 -2.98908150e-01  2.24241756e-01  2.51692378e-01
 -8.36915531e-02  6.74493591e-01  3.17537326e-01 -2.18743403e-01
 -1.52113522e-01]"
39.05531220133184,"[ 0.66080068  0.35984026  0.1239639  -0.14989278  0.27980153 -0.80718481
 -0.45217208  0.08801171 -0.29047233 -0.13320109 -0.11271867 -0.47232284
  0.19912967 -0.53675799 -0.2227044  -0.15699646  0.03695733  0.29270303
 -0.05910467  0.0096533  -0.11823028  0.03453945  0.00409678 -0.1181587
  0.18823199 -0.14724534  0.55099079  0.2173413  -0.30863211  0.75495985
 -0.12413059  0.43234229 -0.1588002   0.06898728 -0.19357744 -0.23847589
  0.33904676 -0.36675828  0.19804486 -0.11791716  0.27307762 -0.21539168
  0.41704955 -0.08038281  0.10698534 -0.50656418 -0.1911832   0.49597016
  0.00131293  0.34319962  0.33390288 -0.03054068 -0.50420344  0.15534631
  0.68907961 -0.2128822  -0.46480224 -0.32441882  0.23860704  0.25365228
 -0.0524061   0.64648369  0.30769704 -0.22376457 -0.16612743]",282.21398329999647,"[ 0.67728641  0.40670093  0.0912944  -0.14354607  0.17827245 -0.73020475
 -0.50700649  0.07576535 -0.32987202 -0.06302089 -0.05791317 -0.36569374
  0.27805762 -0.52493953 -0.15139977 -0.17148369  0.11232148  0.23446444
 -0.09964607  0.05625029  0.02163502  0.11282454  0.04512322 -0.03798195
  0.26450464 -0.16685515  0.531074    0.17509831 -0.32131168  0.60981329
 -0.15970022  0.41974308 -0.16185535 -0.00306698 -0.09864787 -0.22958451
  0.32141435 -0.33137812  0.21620452 -0.14421489  0.10507219 -0.21954932
  0.36868762 -0.10673963  0.03719698 -0.52082728 -0.17159654  0.45090292
 -0.03485349  0.30339279  0.32399418 -0.11948948 -0.60347502  0.11934813
  0.69853626 -0.25085664 -0.46507365 -0.32439914  0.15370025  0.29210728
  0.09181977  0.6346104   0.38270471 -0.19188526 -0.07628099]",198.65890917999397,"[ 7.25792434e-01  4.01169380e-01  1.29538592e-01 -1.28703732e-01
  1.54935865e-01 -8.25501249e-01 -4.76620132e-01  2.72552786e-02
 -2.96945244e-01 -7.54250672e-02 -7.15791805e-02 -4.29272803e-01
  2.48187139e-01 -4.83277309e-01 -1.50282362e-01 -2.23617497e-01
  9.51332937e-02  2.24019604e-01 -1.21348329e-01  3.27110131e-02
 -1.19580039e-01  2.71613898e-02  9.43378621e-02 -1.25827144e-01
  2.67888056e-01 -2.13750067e-01  5.20194986e-01  2.30201149e-01
 -3.63356863e-01  6.36750598e-01 -4.89642326e-02  4.07032251e-01
 -1.75333278e-01  4.48777850e-02 -1.38652383e-01 -2.38645482e-01
  3.07415418e-01 -3.50798103e-01  1.12158059e-01 -1.50597203e-01
  1.64986615e-01 -1.21972617e-01  4.56614987e-01 -1.15883464e-01
  1.08719994e-01 -5.68108434e-01 -1.71686218e-01  4.91256385e-01
 -2.27497383e-04  2.90072384e-01  3.89823484e-01 -1.01971381e-01
 -5.62362103e-01  2.15980392e-01  7.37394127e-01 -1.68587437e-01
 -4.47964398e-01 -3.37686491e-01  1.29621757e-01  2.80114518e-01
  1.05959964e-03  6.25063232e-01  4.05218826e-01 -2.29875178e-01
 -9.79244385e-02]"
33.432736522667696,"[ 0.68279368  0.40724366  0.07722384 -0.14554865  0.23785164 -0.804735
 -0.46699252  0.05100135 -0.31047492 -0.10290521 -0.09903452 -0.43528351
  0.2302561  -0.52744704 -0.18355147 -0.21285189  0.07110092  0.25118581
 -0.10235378  0.03100284 -0.09504812  0.03914813  0.05452113 -0.1123975
  0.22818004 -0.16285733  0.53221059  0.18967896 -0.32619722  0.67812972
 -0.07571426  0.35877995 -0.19882065  0.03352948 -0.16567749 -0.19446427
  0.31057446 -0.37032927  0.17034097 -0.12507293  0.20091573 -0.19463281
  0.45411104 -0.11775132  0.11962893 -0.53209455 -0.19288353  0.54043313
 -0.00164998  0.2821708   0.379852   -0.06504483 -0.55803971  0.16503199
  0.68558692 -0.21245283 -0.46323522 -0.31794346  0.19445518  0.27604688
 -0.02786073  0.64872474  0.36412562 -0.2178715  -0.1533574 ]",234.39332263333685,"[ 8.40491808e-01  5.66739042e-01  1.10378587e-01 -2.18846972e-01
  1.49919386e-01 -9.09277295e-01 -5.04812291e-01 -8.82564477e-02
 -2.37999643e-01 -1.25894382e-01 -1.31334638e-01 -4.23390952e-01
  2.36756268e-01 -4.28676600e-01 -8.67035776e-02 -1.84710908e-01
 -4.24415949e-04  1.91376152e-01 -3.11730162e-02  1.00839236e-02
 -2.58833811e-01 -7.30207257e-02  3.23195973e-01 -3.04872021e-01
  1.76430887e-01 -3.53193867e-01  3.96125540e-01  1.97425392e-01
 -3.28224745e-01  5.67175805e-01  9.97974406e-03  3.38473909e-01
 -3.61887865e-01  1.00676937e-01  8.90692451e-03 -1.26793995e-01
  1.56533647e-01 -3.76848388e-01  7.28367484e-02 -5.41679482e-02
  6.84001498e-02 -1.33545698e-01  4.96707912e-01 -1.46348020e-01
  2.44001413e-01 -6.37133139e-01 -1.67762860e-01  5.59161383e-01
  4.02263854e-02  2.59017993e-01  4.19123017e-01 -3.06148924e-02
 -5.20695985e-01  3.47030842e-01  6.52181904e-01 -1.11077803e-01
 -3.07387472e-01 -3.16652660e-01  7.95447925e-02  2.78937749e-01
  2.60227730e-01  6.28387022e-01  4.91206872e-01 -2.23849625e-01
 -1.37703191e-01]",141.22509263333825,"[ 0.73068891  0.41046369  0.11661459 -0.17201421  0.18441183 -0.8761397
 -0.4646458   0.01228568 -0.26959799 -0.07592596 -0.02630773 -0.41504696
  0.24138624 -0.50953285 -0.12086545 -0.24606579  0.00849584  0.21920196
 -0.10753424  0.01762201 -0.12648934  0.02687345  0.20652717 -0.16225837
  0.26618004 -0.23583402  0.40705524  0.20306276 -0.36057896  0.60935597
 -0.07491467  0.45185788 -0.24736671  0.09456029 -0.05095109 -0.22908613
  0.26543189 -0.36161442  0.09215788 -0.11654598  0.12824978 -0.16222021
  0.39609469 -0.12933198  0.15266634 -0.58386731 -0.14860185  0.50837606
  0.06345437  0.26102749  0.39958222 -0.09642009 -0.57072568  0.24696085
  0.72584965 -0.18268993 -0.3995607  -0.33858204  0.13354809  0.27306345
  0.08390272  0.62559008  0.45211853 -0.23342687 -0.13420232]"
35.921289588665225,"[ 0.73966663  0.42293674  0.10580712 -0.15762501  0.2001332  -0.85185396
 -0.46665592  0.0177058  -0.27240713 -0.10034757 -0.07737781 -0.44027082
  0.24363205 -0.4955126  -0.14263298 -0.20323705  0.03370067  0.2331399
 -0.09058143  0.01520324 -0.13973814  0.03614805  0.19021603 -0.15855771
  0.22817232 -0.23600035  0.42668099  0.19136885 -0.34628842  0.58607368
 -0.04008343  0.40318277 -0.23739938  0.06909611 -0.08168074 -0.23173164
  0.23900865 -0.34276435  0.08528338 -0.09994823  0.14113383 -0.14055829
  0.42703272 -0.14345777  0.13472692 -0.60276154 -0.16671117  0.51219276
  0.03047855  0.26543563  0.4022392  -0.091835   -0.57203819  0.26296219
  0.70581611 -0.15987831 -0.41678231 -0.34176611  0.14781843  0.28580071
  0.08047144  0.61213522  0.43438231 -0.22481629 -0.15582989]",199.75443190000564,"[ 8.40491808e-01  5.66739042e-01  1.10378587e-01 -2.18846972e-01
  1.49919386e-01 -9.09277295e-01 -5.04812291e-01 -8.82564477e-02
 -2.37999643e-01 -1.25894382e-01 -1.31334638e-01 -4.23390952e-01
  2.36756268e-01 -4.28676600e-01 -8.67035776e-02 -1.84710908e-01
 -4.24415949e-04  1.91376152e-01 -3.11730162e-02  1.00839236e-02
 -2.58833811e-01 -7.30207257e-02  3.23195973e-01 -3.04872021e-01
  1.76430887e-01 -3.53193867e-01  3.96125540e-01  1.97425392e-01
 -3.28224745e-01  5.67175805e-01  9.97974406e-03  3.38473909e-01
 -3.61887865e-01  1.00676937e-01  8.90692451e-03 -1.26793995e-01
  1.56533647e-01 -3.76848388e-01  7.28367484e-02 -5.41679482e-02
  6.84001498e-02 -1.33545698e-01  4.96707912e-01 -1.46348020e-01
  2.44001413e-01 -6.37133139e-01 -1.67762860e-01  5.59161383e-01
  4.02263854e-02  2.59017993e-01  4.19123017e-01 -3.06148924e-02
 -5.20695985e-01  3.47030842e-01  6.52181904e-01 -1.11077803e-01
 -3.07387472e-01 -3.16652660e-01  7.95447925e-02  2.78937749e-01
  2.60227730e-01  6.28387022e-01  4.91206872e-01 -2.23849625e-01
 -1.37703191e-01]",147.56969376000345,"[ 0.71873572  0.46105959  0.13016402 -0.15964042  0.13865288 -0.91245332
 -0.47249227  0.0459664  -0.30818549 -0.09794696 -0.02595858 -0.41700554
  0.23973428 -0.60662726 -0.09225645 -0.26997986  0.04186052  0.23383436
 -0.12828549  0.02100321 -0.17922683  0.06142559  0.17232816 -0.15148612
  0.30195846 -0.20442339  0.40152841  0.17430823 -0.33699248  0.55143099
 -0.02017962  0.46201392 -0.19676886  0.07807698 -0.04515396 -0.22539251
  0.21010971 -0.34806779  0.05485882 -0.12596275  0.11641901 -0.19139795
  0.4579432  -0.11742977  0.13365472 -0.65910949 -0.1736446   0.49989982
  0.04630948  0.24152744  0.39209535 -0.1017574  -0.59662236  0.18165888
  0.77969274 -0.21027611 -0.43657537 -0.35656199  0.16032389  0.25455359
  0.06683464  0.68762273  0.469269   -0.21586351 -0.1245496 ]"
40.803980592666974,"[ 0.73981566  0.47821991  0.13213695 -0.16341401  0.16335801 -0.88702613
 -0.43288309  0.02849709 -0.2903169  -0.10226104 -0.06051141 -0.43035835
  0.2170681  -0.55660911 -0.10775724 -0.26059905  0.05501301  0.22457021
 -0.08535508  0.01160074 -0.16980964  0.0301275   0.20971103 -0.19091327
  0.26381722 -0.2116557   0.38089552  0.20114832 -0.32406552  0.56706828
 -0.02265051  0.39543358 -0.23282356  0.09146476 -0.031966   -0.21267634
  0.18590783 -0.32947498  0.05239728 -0.11187067  0.09180538 -0.15816721
  0.40564097 -0.12215208  0.11439102 -0.67414657 -0.18185596  0.53370957
  0.02844515  0.26899922  0.40978338 -0.07140764 -0.56607379  0.23043712
  0.72492845 -0.18144837 -0.44144691 -0.33305159  0.16543854  0.27987972
  0.09254513  0.68390035  0.45184331 -0.20210009 -0.16549724]",433.8365760333351,"[ 8.40491808e-01  5.66739042e-01  1.10378587e-01 -2.18846972e-01
  1.49919386e-01 -9.09277295e-01 -5.04812291e-01 -8.82564477e-02
 -2.37999643e-01 -1.25894382e-01 -1.31334638e-01 -4.23390952e-01
  2.36756268e-01 -4.28676600e-01 -8.67035776e-02 -1.84710908e-01
 -4.24415949e-04  1.91376152e-01 -3.11730162e-02  1.00839236e-02
 -2.58833811e-01 -7.30207257e-02  3.23195973e-01 -3.04872021e-01
  1.76430887e-01 -3.53193867e-01  3.96125540e-01  1.97425392e-01
 -3.28224745e-01  5.67175805e-01  9.97974406e-03  3.38473909e-01
 -3.61887865e-01  1.00676937e-01  8.90692451e-03 -1.26793995e-01
  1.56533647e-01 -3.76848388e-01  7.28367484e-02 -5.41679482e-02
  6.84001498e-02 -1.33545698e-01  4.96707912e-01 -1.46348020e-01
  2.44001413e-01 -6.37133139e-01 -1.67762860e-01  5.59161383e-01
  4.02263854e-02  2.59017993e-01  4.19123017e-01 -3.06148924e-02
 -5.20695985e-01  3.47030842e-01  6.52181904e-01 -1.11077803e-01
 -3.07387472e-01 -3.16652660e-01  7.95447925e-02  2.78937749e-01
  2.60227730e-01  6.28387022e-01  4.91206872e-01 -2.23849625e-01
 -1.37703191e-01]",218.98687208666814,"[ 0.74298442  0.50066661  0.14247498 -0.13371149  0.11579002 -0.95526894
 -0.49688068  0.05240121 -0.26740423 -0.12591342 -0.06030349 -0.45500138
  0.24804679 -0.59177869 -0.08532154 -0.28184561  0.03797144  0.24981552
 -0.10026061  0.03965297 -0.2023949   0.06876439  0.17867668 -0.1602421
  0.31162058 -0.20801673  0.38166709  0.19453406 -0.33533346  0.49811739
 -0.04001887  0.46834936 -0.22501053  0.09624657  0.00646315 -0.23247962
  0.21407496 -0.33286291  0.02021175 -0.12872992  0.17127379 -0.19852301
  0.46373613 -0.09807505  0.16390199 -0.66869477 -0.2185472   0.54637569
  0.02476845  0.26195684  0.363817   -0.1357057  -0.65092588  0.20004605
  0.76385109 -0.17074107 -0.47050733 -0.34611211  0.18698085  0.24878279
  0.03320199  0.72626907  0.45806863 -0.19145974 -0.11335511]"
120.62426794266601,"[ 0.74645058  0.5099652   0.12270945 -0.15754378  0.15611693 -0.948803
 -0.47699254  0.00213834 -0.2560475  -0.10635234 -0.06127413 -0.46111124
  0.22980843 -0.53120373 -0.07772475 -0.24900485  0.00787005  0.24721377
 -0.10820841  0.01925505 -0.23998803  0.05496827  0.24529414 -0.19456591
  0.27892039 -0.24990388  0.41588653  0.19694233 -0.3283092   0.53433555
 -0.03194282  0.40464931 -0.27778839  0.09667589  0.02589126 -0.22896025
  0.18772692 -0.32466276  0.02511254 -0.10689857  0.11281623 -0.1576092
  0.42574517 -0.10160393  0.17597402 -0.66347789 -0.19904356  0.54343997
  0.03590988  0.22717965  0.3595116  -0.10082445 -0.62233826  0.23642236
  0.76242778 -0.15904799 -0.39076914 -0.34541126  0.1405659   0.2569026
  0.07985569  0.69907369  0.46001412 -0.22607015 -0.10908713]",4564.31750913333,"[ 0.82545598  0.55199671  0.06143399  0.01724386  0.27762577 -1.03856701
 -0.40979934 -0.13677409 -0.26278511 -0.20481188 -0.16742706 -0.53485179
  0.2494936  -0.35663863 -0.24533627 -0.1510211   0.02504345  0.19968608
 -0.05650841 -0.00188648 -0.46697351  0.06375144  0.3230119  -0.30245109
  0.13749367 -0.35988518  0.60360908  0.16612222 -0.29152853  0.40610045
  0.01416224  0.2562777  -0.51754223  0.0975139  -0.011677   -0.02764101
  0.12658586 -0.33677513  0.04402374 -0.11725255  0.17470744 -0.07148323
  0.39660978  0.02625972  0.32452774 -0.64018043 -0.10065759  0.56977629
 -0.00964093  0.26227367  0.44715843 -0.2106045  -0.51430656  0.46070145
  0.64421457 -0.11542496 -0.3775432  -0.43865543  0.13044543  0.28516396
  0.19011858  0.67528784  0.36820957 -0.22917208 -0.15573923]",1059.343785793336,"[ 0.77151099  0.50098525  0.09974374 -0.13129443  0.11951961 -0.86372571
 -0.48950374  0.00526877 -0.29908015 -0.10600982 -0.13300731 -0.44229032
  0.25981105 -0.500223   -0.11261465 -0.2388176   0.10272568  0.21774078
 -0.10133508  0.01742035 -0.22522655  0.04222027  0.14823419 -0.16843609
  0.22627869 -0.23460501  0.49458027  0.20618203 -0.30008511  0.52027489
 -0.06898651  0.40532613 -0.23249491  0.04465778 -0.04473732 -0.19653962
  0.22477292 -0.32066166  0.10340313 -0.10607273  0.15143042 -0.14155089
  0.47753895 -0.10354577  0.13906827 -0.61293481 -0.19600508  0.50700364
 -0.0585008   0.28238041  0.33713299 -0.10009895 -0.57437234  0.19192204
  0.69640334 -0.20692618 -0.42229131 -0.36766349  0.13355963  0.28471611
  0.11521228  0.70936915  0.42591402 -0.20853342 -0.08028441]"
113.34486777066721,"[ 0.78543586  0.53323349  0.09529965 -0.11699074  0.16492156 -0.8930757
 -0.48863402 -0.03708419 -0.25778829 -0.12809073 -0.11805965 -0.46699219
  0.28029629 -0.47261192 -0.11743578 -0.23250162  0.06869646  0.23385923
 -0.08427317  0.01433368 -0.26020037  0.04891724  0.19814858 -0.21217252
  0.2726696  -0.26751763  0.50514039  0.20608032 -0.36806169  0.51890187
 -0.04941266  0.35752671 -0.28683874  0.06677261 -0.03698399 -0.1541117
  0.2052545  -0.3253901   0.0804539  -0.1163851   0.11283625 -0.1353823
  0.45707596 -0.09405899  0.20700161 -0.61183653 -0.2048913   0.52082799
 -0.04738254  0.26339596  0.39296829 -0.09811181 -0.56632073  0.26213038
  0.69763553 -0.19497825 -0.37362735 -0.35600361  0.12016888  0.2976844
  0.17055031  0.67665626  0.44733015 -0.20905793 -0.10433468]",4128.394738766656,"[ 0.82545598  0.55199671  0.06143399  0.01724386  0.27762577 -1.03856701
 -0.40979934 -0.13677409 -0.26278511 -0.20481188 -0.16742706 -0.53485179
  0.2494936  -0.35663863 -0.24533627 -0.1510211   0.02504345  0.19968608
 -0.05650841 -0.00188648 -0.46697351  0.06375144  0.3230119  -0.30245109
  0.13749367 -0.35988518  0.60360908  0.16612222 -0.29152853  0.40610045
  0.01416224  0.2562777  -0.51754223  0.0975139  -0.011677   -0.02764101
  0.12658586 -0.33677513  0.04402374 -0.11725255  0.17470744 -0.07148323
  0.39660978  0.02625972  0.32452774 -0.64018043 -0.10065759  0.56977629
 -0.00964093  0.26227367  0.44715843 -0.2106045  -0.51430656  0.46070145
  0.64421457 -0.11542496 -0.3775432  -0.43865543  0.13044543  0.28516396
  0.19011858  0.67528784  0.36820957 -0.22917208 -0.15573923]",927.9987101733295,"[ 0.8053536   0.51155303  0.08301108 -0.07135948  0.19819985 -0.94245955
 -0.4940759  -0.06510117 -0.30003668 -0.12131156 -0.16188764 -0.43129946
  0.27215689 -0.43394563 -0.17666276 -0.16235667  0.05162917  0.22262994
 -0.08787275  0.00249186 -0.28694752 -0.00246377  0.23520102 -0.23091609
  0.19557616 -0.24844625  0.51338648  0.1556621  -0.3387774   0.49731928
 -0.05428203  0.30450677 -0.37343862  0.10883943 -0.01413307 -0.15461513
  0.17863012 -0.33597159  0.1047737  -0.10327164  0.10371171 -0.17985553
  0.38775919 -0.07509616  0.19842164 -0.57534469 -0.18390652  0.48873536
 -0.00562353  0.28545878  0.3793768  -0.15798242 -0.54722311  0.3111122
  0.69531672 -0.1639578  -0.35047441 -0.30775293  0.11970783  0.30143624
  0.18913517  0.66626189  0.41085133 -0.21911697 -0.15264833]"
79.56606124133297,"[ 0.77330735  0.5175878   0.08340964 -0.07654279  0.21387224 -0.93434932
 -0.47871977 -0.05825799 -0.31554386 -0.12015275 -0.15910367 -0.44853686
  0.2571129  -0.42817273 -0.18016573 -0.16079794  0.05124298  0.21343229
 -0.09239369  0.00962773 -0.29306772  0.0373495   0.21107423 -0.24943372
  0.20950578 -0.26307013  0.5010291   0.15150153 -0.34843517  0.50782886
 -0.0770021   0.28353885 -0.36580669  0.0844084  -0.04739932 -0.14895365
  0.18096161 -0.31485081  0.1024497  -0.06613806  0.11995184 -0.16643699
  0.40184431 -0.04895244  0.19408402 -0.60654174 -0.15715969  0.5074193
  0.0069682   0.30750685  0.42460793 -0.13196642 -0.55897262  0.32507748
  0.68360217 -0.16743501 -0.35928967 -0.34117714  0.11369143  0.33944781
  0.23618204  0.66455333  0.40554763 -0.23099883 -0.13262761]",2026.6089482333336,"[ 0.82545598  0.55199671  0.06143399  0.01724386  0.27762577 -1.03856701
 -0.40979934 -0.13677409 -0.26278511 -0.20481188 -0.16742706 -0.53485179
  0.2494936  -0.35663863 -0.24533627 -0.1510211   0.02504345  0.19968608
 -0.05650841 -0.00188648 -0.46697351  0.06375144  0.3230119  -0.30245109
  0.13749367 -0.35988518  0.60360908  0.16612222 -0.29152853  0.40610045
  0.01416224  0.2562777  -0.51754223  0.0975139  -0.011677   -0.02764101
  0.12658586 -0.33677513  0.04402374 -0.11725255  0.17470744 -0.07148323
  0.39660978  0.02625972  0.32452774 -0.64018043 -0.10065759  0.56977629
 -0.00964093  0.26227367  0.44715843 -0.2106045  -0.51430656  0.46070145
  0.64421457 -0.11542496 -0.3775432  -0.43865543  0.13044543  0.28516396
  0.19011858  0.67528784  0.36820957 -0.22917208 -0.15573923]",619.84396105333,"[ 0.80297303  0.54184643  0.08018143 -0.14139238  0.19039454 -0.89211779
 -0.46654486 -0.01517822 -0.26616276 -0.15107618 -0.11620659 -0.41707207
  0.26110179 -0.48020848 -0.21105314 -0.14710258  0.04803193  0.18041745
 -0.05066886  0.09018133 -0.19272051  0.00497282  0.20289632 -0.21149005
  0.21804109 -0.28023403  0.52688718  0.20556067 -0.3157452   0.49138402
 -0.03568848  0.30043365 -0.3244905   0.05646073 -0.0947235  -0.11969266
  0.27935145 -0.28528887  0.13451551 -0.04974494  0.16365091 -0.1837751
  0.43764438 -0.06310676  0.1985018  -0.55780733 -0.13660924  0.55916706
 -0.00540748  0.25682333  0.43138369 -0.13008965 -0.52332829  0.33368983
  0.62511217 -0.12804492 -0.42381597 -0.35469018  0.12451126  0.23418012
  0.1529978   0.68607914  0.38698075 -0.2208878  -0.17907448]"
49.894600845998504,"[ 0.80952679  0.55208109  0.0965906  -0.08303866  0.21513972 -0.94268681
 -0.4623297  -0.08993101 -0.27361426 -0.17249098 -0.13129592 -0.45038755
  0.25134319 -0.43130933 -0.2053408  -0.16350466  0.03786497  0.17767173
 -0.04215168  0.03124534 -0.33182727  0.03227452  0.24057615 -0.27192595
  0.18147837 -0.30012817  0.52370974  0.19858471 -0.31821693  0.49839648
 -0.05135522  0.27835911 -0.40606776  0.10310453 -0.07905359 -0.09397176
  0.22160515 -0.27796378  0.08684516 -0.05109038  0.16503583 -0.12836101
  0.45842173 -0.03181399  0.23178061 -0.61057782 -0.12494993  0.53453587
 -0.00153001  0.25348997  0.41665861 -0.13875182 -0.51667953  0.34229889
  0.65539303 -0.11129273 -0.38871133 -0.36367291  0.13423584  0.2602594
  0.20369281  0.68795308  0.41919678 -0.20294874 -0.16198047]",611.9921749666586,"[ 0.82545598  0.55199671  0.06143399  0.01724386  0.27762577 -1.03856701
 -0.40979934 -0.13677409 -0.26278511 -0.20481188 -0.16742706 -0.53485179
  0.2494936  -0.35663863 -0.24533627 -0.1510211   0.02504345  0.19968608
 -0.05650841 -0.00188648 -0.46697351  0.06375144  0.3230119  -0.30245109
  0.13749367 -0.35988518  0.60360908  0.16612222 -0.29152853  0.40610045
  0.01416224  0.2562777  -0.51754223  0.0975139  -0.011677   -0.02764101
  0.12658586 -0.33677513  0.04402374 -0.11725255  0.17470744 -0.07148323
  0.39660978  0.02625972  0.32452774 -0.64018043 -0.10065759  0.56977629
 -0.00964093  0.26227367  0.44715843 -0.2106045  -0.51430656  0.46070145
  0.64421457 -0.11542496 -0.3775432  -0.43865543  0.13044543  0.28516396
  0.19011858  0.67528784  0.36820957 -0.22917208 -0.15573923]",271.0593385799982,"[ 0.82513073  0.56764861  0.05852788 -0.10219369  0.2010095  -0.96785607
 -0.48629706 -0.0500467  -0.26122504 -0.16013512 -0.09118554 -0.44559593
  0.25965027 -0.48006952 -0.18087927 -0.17190302  0.02783251  0.19449504
 -0.06256647  0.0674299  -0.2353177   0.02389682  0.24013245 -0.2440271
  0.20068124 -0.30353558  0.52477912  0.20955253 -0.33663287  0.42849691
 -0.0144829   0.30423679 -0.40605749  0.03273435 -0.07108407 -0.13107078
  0.2898587  -0.33777666  0.10268453 -0.08615091  0.22130116 -0.16573254
  0.46341876 -0.04986923  0.28825032 -0.57321102 -0.12554843  0.56136362
  0.02529836  0.27464897  0.41915486 -0.13976569 -0.51393659  0.36263836
  0.61965426 -0.13463944 -0.32552507 -0.35200307  0.10718422  0.25794855
  0.15571039  0.67883066  0.37150657 -0.18720977 -0.15806123]"
